-- MySQL dump 10.13  Distrib 5.7.18, for Linux (x86_64)
--
-- Host: 127.0.0.1    Database: recipe-db
-- ------------------------------------------------------
-- Server version	5.7.18-0ubuntu0.16.04.1

/*!40101 SET @OLD_CHARACTER_SET_CLIENT=@@CHARACTER_SET_CLIENT */;
/*!40101 SET @OLD_CHARACTER_SET_RESULTS=@@CHARACTER_SET_RESULTS */;
/*!40101 SET @OLD_COLLATION_CONNECTION=@@COLLATION_CONNECTION */;
/*!40101 SET NAMES utf8 */;
/*!40103 SET @OLD_TIME_ZONE=@@TIME_ZONE */;
/*!40103 SET TIME_ZONE='+00:00' */;
/*!40014 SET @OLD_UNIQUE_CHECKS=@@UNIQUE_CHECKS, UNIQUE_CHECKS=0 */;
/*!40014 SET @OLD_FOREIGN_KEY_CHECKS=@@FOREIGN_KEY_CHECKS, FOREIGN_KEY_CHECKS=0 */;
/*!40101 SET @OLD_SQL_MODE=@@SQL_MODE, SQL_MODE='NO_AUTO_VALUE_ON_ZERO' */;
/*!40111 SET @OLD_SQL_NOTES=@@SQL_NOTES, SQL_NOTES=0 */;

--
-- Table structure for table `ingredients`
--

DROP TABLE IF EXISTS `ingredients`;
/*!40101 SET @saved_cs_client     = @@character_set_client */;
/*!40101 SET character_set_client = utf8 */;
CREATE TABLE `ingredients` (
  `id` int(11) NOT NULL AUTO_INCREMENT,
  `name` varchar(1000) CHARACTER SET utf8 NOT NULL,
  PRIMARY KEY (`id`)
) ENGINE=InnoDB AUTO_INCREMENT=360 DEFAULT CHARSET=big5;
/*!40101 SET character_set_client = @saved_cs_client */;

--
-- Dumping data for table `ingredients`
--

LOCK TABLES `ingredients` WRITE;
/*!40000 ALTER TABLE `ingredients` DISABLE KEYS */;
INSERT INTO `ingredients` VALUES (1,'oil'),(2,'bacon'),(3,'breakfast sausages'),(4,'green onions'),(5,'large eggs'),(6,'jack cheese'),(7,'eggs'),(8,'red potato'),(9,'green pepper'),(10,'shredded cheddar cheese'),(11,'fresh parsley'),(12,'salt'),(13,'pepper'),(14,'flour tortillas'),(15,'onions'),(16,'sharp cheddar cheese'),(17,'cilantro'),(18,'finely chopped onion'),(19,'refrigerated buttermilk biscuits'),(20,'smoked cheddar cheese'),(21,'green enchilada sauce'),(22,'large flour tortillas'),(23,'black beans'),(24,'avocado'),(25,'cilantro leaves'),(26,'sliced green onions'),(27,'sweet potatoes'),(28,'hot sauce'),(29,'cheese'),(30,'new potatoes'),(31,'red pepper'),(32,'green chilies'),(33,'spring onions'),(34,'purple onion'),(35,'cooked sausages'),(36,'coriander'),(37,'cherry tomatoes'),(38,'sriracha sauce'),(39,'potatoes'),(40,'sliced mushrooms'),(41,'refrigerated pizza dough'),(42,'shredded cheese'),(43,'spinach'),(44,'beef'),(45,'sauerkraut'),(46,'blueberries'),(47,'mushrooms'),(48,'sour cream'),(49,'swiss cheese'),(50,'paprika'),(51,'hash brown'),(52,'tortillas'),(53,'bell pepper'),(54,'white onion'),(55,'cheddar cheese'),(56,'vegetable oil'),(57,'milk'),(58,'mayonnaise'),(59,'basil pesto'),(60,'rustic bread'),(61,'lettuce leaves'),(62,'large tomato'),(63,'olive oil'),(64,'toasted sourdough'),(65,'tomatoes'),(66,'lime juice'),(67,'medium potatoes'),(68,'nonstick spray'),(69,'Pillsbury™ Refrigerated Crescent Dinner Rolls'),(70,'breakfast sausage links'),(71,'plain greek yogurt'),(72,'maple syrup'),(73,'granola'),(74,'strawberries'),(75,'mozzarella cheese'),(76,'butter'),(77,'low-fat cottage cheese'),(78,'breakfast cereals'),(79,'mixed fruit'),(80,'toasted walnuts'),(81,'agave nectar'),(82,'small red potatoes'),(83,'corn tortillas'),(84,'cotija'),(85,'puff pastry'),(86,'cream cheese'),(87,'strawberry jam'),(88,'powdered sugar'),(89,'white cornmeal'),(90,'water'),(91,'garlic butter'),(92,'turkey bacon'),(93,'dinner rolls'),(94,'light mayonnaise'),(95,'garlic salt'),(96,'russet potatoes'),(97,'fine sea salt'),(98,'garlic powder'),(99,'chili powder'),(100,'cream'),(101,'empanada wrappers'),(102,'egg whites'),(103,'romaine lettuce'),(104,'Mexican style cheese'),(105,'canola oil'),(106,'yellow cornmeal'),(107,'flour'),(108,'white sugar'),(109,'baking powder'),(110,'buttermilk'),(111,'ketchup'),(112,'quinoa'),(113,'apples'),(114,'cinnamon'),(115,'honey'),(116,'cooking spray'),(117,'luncheon meat'),(118,'lettuce'),(119,'olives'),(120,'cheese cubes'),(121,'medium zucchini'),(122,'parmesan cheese'),(123,'dried thyme'),(124,'freshly ground black pepper'),(125,'salmon fillets'),(126,'sweet chili sauce'),(127,'butter lettuce'),(128,'chicken'),(129,'onion powder'),(130,'mustard'),(131,'lemon juice'),(132,'sea salt'),(133,'parsley flakes'),(134,'kosher salt'),(135,'black pepper'),(136,'Natures Own Bread'),(137,'vegetables'),(138,'pretzel sticks'),(139,'pepperoni'),(140,'cupcakes'),(141,'whole wheat flour'),(142,'all-purpose flour'),(143,'chopped walnuts'),(144,'flax seed meal'),(145,'nutmeg'),(146,'zucchini'),(147,'grated carrot'),(148,'unsweetened applesauce'),(149,'greek yogurt'),(150,'vegetable oil cooking spray'),(151,'raspberries'),(152,'vanilla yogurt'),(153,'lime zest'),(154,'crushed graham crackers'),(155,'white bread'),(156,'apple pie filling'),(157,'melted butter'),(158,'sugar'),(159,'broccoli'),(160,'bow-tie pasta'),(161,'medium tomatoes'),(162,'bacon slices'),(163,'ranch dressing'),(164,'barbecue sauce'),(165,'cooked chicken'),(166,'celery'),(167,'bread'),(168,'pitas'),(169,'whole grains'),(170,'kale'),(171,'dijon mustard'),(172,'lemon'),(173,'apple slices'),(174,'pinenuts'),(175,'sunflower seeds'),(176,'hummus'),(177,'chickpeas'),(178,'diced red onions'),(179,'feta cheese'),(180,'parsley'),(181,'red pepper flakes'),(182,'garlic'),(183,'roasted red peppers'),(184,'tahini'),(185,'seasoning'),(186,'cooked quinoa'),(187,'dried currants'),(188,'lime'),(189,'cumin'),(190,'carrots'),(191,'salad greens'),(192,'curry powder'),(193,'chopped cilantro'),(194,'extra-virgin olive oil'),(195,'grilled chicken'),(196,'wing sauce'),(197,'shredded carrots'),(198,'arugula'),(199,'peanuts'),(200,'crumbled blue cheese'),(201,'cucumber'),(202,'shallots'),(203,'portabello mushroom'),(204,'basil'),(205,'apple cider vinegar'),(206,'corn'),(207,'tortilla chips'),(208,'cayenne pepper'),(209,'dried cranberries'),(210,'balsamic vinegar'),(211,'almond flour'),(212,'tapioca flour'),(213,'applesauce'),(214,'coconut oil'),(215,'collard green leaves'),(216,'tvp'),(217,'hot dogs'),(218,'hot dog bun'),(219,'caesar salad dressing'),(220,'chicken breasts'),(221,'croutons'),(222,'diced tomatoes'),(223,'tortilla wraps'),(224,'whole grain bread'),(225,'vegetable cream cheese spread'),(226,'ground cayenne pepper'),(227,'ground sausage'),(228,'snack crackers'),(229,'almonds'),(230,'dried cherry'),(231,'grapes'),(232,'shrimp'),(233,'fresh cilantro'),(234,'panko'),(235,'grated parmesan cheese'),(236,'low-fat milk'),(237,'frozen mixed vegetables'),(238,'condensed cream of chicken soup'),(239,'refrigerated biscuits'),(240,'brown rice'),(241,'lean ground turkey'),(242,'taco seasoning'),(243,'jalapeno chilies'),(244,'corn kernels'),(245,'coconut milk'),(246,'unsweetened shredded dried coconut'),(247,'green food coloring'),(248,'popsicle'),(249,'jack'),(250,'peanut sauce'),(251,'unsweetened cocoa powder'),(252,'granulated sugar'),(253,'vanilla extract'),(254,'coconut flour'),(255,'albacore tuna in water'),(256,'seedless cucumber'),(257,'whole wheat tortillas'),(258,'medium carrot'),(259,'persian cucumber'),(260,'red bell pepper'),(261,'tomato paste'),(262,'black olives'),(263,'fresh basil leaves'),(264,'English muffins'),(265,'cooked bacon'),(266,'macaroni and cheese dinner'),(267,'mexican chorizo'),(268,'bone-in skin-on chicken thighs'),(269,'baby potatoes'),(270,'baby carrots'),(271,'basil leaves'),(272,'walnuts'),(273,'jumbo shrimp'),(274,'dry rosé wine'),(275,'frozen peaches'),(276,'simple syrup'),(277,'dry vermouth'),(278,'crescent dinner rolls'),(279,'mashed potatoes'),(280,'cooked turkey'),(281,'green beans'),(282,'stuffing'),(283,'cranberry sauce'),(284,'dark chocolate'),(285,'nonfat greek yogurt'),(286,'powdered peanut butter'),(287,'vanilla'),(288,'natural peanut butter'),(289,'chopped fresh mint'),(290,'boneless skinless chicken breasts'),(291,'brewed coffee'),(292,'bourbon whiskey'),(293,'whipped cream'),(294,'ice cream'),(295,'chicken drumsticks'),(296,'smoked paprika'),(297,'ground ginger'),(298,'bbq sauce'),(299,'sliced carrots'),(300,'frozen peas'),(301,'chopped onion'),(302,'chicken broth'),(303,'unbaked pie crusts'),(304,'ground beef'),(305,'italian seasoned dry bread crumbs'),(306,'spaghetti'),(307,'italian seasoning'),(308,'linguine'),(309,'fresh tomatoes'),(310,'fresh spinach'),(311,'chicken breast fillets'),(312,'navel oranges'),(313,'light soy sauce'),(314,'rib eye steaks'),(315,'orange'),(316,'garlic cloves'),(317,'dill seed'),(318,'chicken thighs'),(319,'rice vinegar'),(320,'fresh rosemary'),(321,'boneless skinless chicken breast halves'),(322,'dry bread crumbs'),(323,'seasoning salt'),(324,'Italian style breadcrumbs'),(325,'cracked black pepper'),(326,'cayenne'),(327,'cooked rice'),(328,'frozen vegetables'),(329,'soy sauce'),(330,'warm water'),(331,'yeast'),(332,'Ragu Sauce'),(333,'rotini'),(334,'shredded mozzarella cheese'),(335,'whole chicken'),(336,'steak seasoning'),(337,'salsa'),(338,'shredded lettuce'),(339,'skinless chicken breasts'),(340,'cream of chicken soup'),(341,'boneless skinless chicken thighs'),(342,'ziti'),(343,'ground Italian sausage'),(344,'kale leaves'),(345,'shredded parmesan cheese'),(346,'crushed red pepper flakes'),(347,'dried pasta'),(348,'frozen puff pastry sheets'),(349,'feta cheese crumbles'),(350,'rump roast'),(351,'meat'),(352,'knorr rice side   cheddar broccoli'),(353,'I Cant Believe Its Not Butter!® Spread'),(354,'rotisserie chicken'),(355,'teriyaki sauce'),(356,'cooked brown rice'),(357,'roast'),(358,'olive oil spray'),(359,'rosemary');
/*!40000 ALTER TABLE `ingredients` ENABLE KEYS */;
UNLOCK TABLES;

--
-- Table structure for table `recipe_ingredients`
--

DROP TABLE IF EXISTS `recipe_ingredients`;
/*!40101 SET @saved_cs_client     = @@character_set_client */;
/*!40101 SET character_set_client = utf8 */;
CREATE TABLE `recipe_ingredients` (
  `recipe_id` int(11) DEFAULT NULL,
  `ingredient_id` int(11) DEFAULT NULL
) ENGINE=InnoDB DEFAULT CHARSET=big5;
/*!40101 SET character_set_client = @saved_cs_client */;

--
-- Dumping data for table `recipe_ingredients`
--

LOCK TABLES `recipe_ingredients` WRITE;
/*!40000 ALTER TABLE `recipe_ingredients` DISABLE KEYS */;
INSERT INTO `recipe_ingredients` VALUES (1,1),(1,2),(1,3),(1,4),(1,5),(1,6),(2,2),(2,7),(2,8),(2,9),(2,10),(2,11),(2,12),(2,13),(3,14),(3,7),(3,15),(3,16),(3,2),(3,17),(4,2),(4,18),(4,19),(4,7),(4,20),(5,21),(5,1),(5,3),(5,7),(5,22),(5,23),(5,24),(5,6),(5,25),(5,26),(6,3),(6,27),(6,7),(6,24),(6,17),(6,28),(6,29),(7,30),(7,31),(7,32),(7,33),(7,34),(7,2),(7,35),(7,7),(7,36),(7,37),(7,12),(7,13),(7,1),(7,38),(7,39),(8,2),(8,8),(8,15),(8,9),(8,7),(8,29),(8,40),(9,41),(9,7),(9,12),(9,13),(9,2),(9,42),(10,43),(10,44),(10,2),(10,45),(10,46),(11,47),(11,48),(11,2),(11,49),(11,7),(11,12),(11,13),(11,50),(12,51),(12,2),(12,7),(12,12),(12,13),(12,29),(13,52),(13,7),(13,53),(13,54),(13,2),(13,55),(14,56),(14,51),(14,2),(14,7),(14,10),(14,26),(15,7),(15,42),(15,57),(15,13),(15,51),(15,2),(16,58),(16,59),(16,2),(16,7),(16,60),(16,61),(16,62),(17,63),(17,64),(17,65),(17,12),(17,13),(17,24),(17,66),(17,11),(18,67),(18,2),(18,5),(18,63),(18,68),(18,1),(18,12),(18,13),(19,7),(19,69),(19,70),(19,55),(19,12),(19,13),(20,71),(20,72),(20,73),(20,46),(20,74),(21,75),(21,5),(21,76),(21,2),(21,24),(21,55),(21,12),(21,13),(22,77),(22,78),(22,79),(22,80),(22,81),(23,2),(23,82),(23,56),(23,83),(23,5),(23,76),(23,24),(23,84),(24,85),(24,86),(24,87),(24,74),(24,5),(24,88),(25,89),(25,90),(25,12),(25,91),(25,7),(25,2),(26,3),(26,92),(26,7),(26,93),(26,75),(26,94),(26,28),(26,95),(26,76),(27,96),(27,63),(27,97),(27,98),(27,99),(27,5),(27,100),(27,3),(27,55),(27,12),(27,13),(27,28),(27,101),(27,102),(28,27),(28,7),(28,2),(28,55),(28,65),(28,103),(29,14),(29,7),(29,104),(29,2),(29,105),(30,3),(30,106),(30,107),(30,108),(30,109),(30,12),(30,110),(30,5),(30,72),(30,111),(31,7),(31,12),(31,2),(31,10),(31,52),(32,112),(32,90),(32,113),(32,114),(32,115),(33,7),(33,16),(33,2),(33,15),(33,12),(33,13),(33,116),(34,117),(34,118),(34,119),(34,37),(34,120),(35,121),(35,122),(35,123),(35,12),(35,124),(36,125),(36,12),(36,126),(36,4),(36,116),(37,127),(37,128),(37,24),(37,129),(37,98),(37,130),(37,131),(37,132),(37,133),(37,2),(38,96),(38,90),(38,63),(38,50),(38,134),(38,135),(38,129),(39,136),(39,117),(39,49),(39,55),(39,137),(39,138),(39,139),(39,140),(40,121),(40,63),(40,134),(40,135),(40,129),(40,50),(41,141),(41,142),(41,109),(41,143),(41,144),(41,114),(41,145),(41,12),(41,146),(41,147),(41,148),(41,149),(41,5),(41,72),(41,150),(42,151),(42,152),(42,66),(42,153),(42,154),(43,155),(43,156),(43,157),(43,158),(43,114),(44,159),(44,55),(44,13),(44,98),(44,7),(45,160),(45,103),(45,161),(45,162),(45,163),(45,164),(45,13),(46,165),(46,166),(46,15),(46,58),(46,12),(46,13),(46,167),(47,168),(47,169),(47,170),(47,63),(47,171),(47,172),(47,173),(47,24),(47,174),(47,12),(47,13),(47,175),(47,176),(47,177),(47,178),(47,179),(47,180),(47,181),(47,182),(47,183),(47,184),(47,185),(47,90),(47,186),(47,187),(47,188),(47,189),(47,190),(47,191),(47,149),(47,192),(48,65),(48,24),(48,34),(48,193),(48,188),(48,194),(48,12),(49,61),(49,195),(49,196),(49,197),(49,198),(49,199),(49,200),(50,146),(50,37),(50,198),(50,201),(50,202),(50,203),(50,204),(50,172),(50,205),(50,132),(51,103),(51,165),(51,206),(51,23),(51,65),(51,24),(51,34),(51,10),(51,207),(51,193),(52,27),(52,63),(52,135),(52,208),(52,50),(52,189),(52,98),(53,112),(53,90),(53,209),(53,175),(53,115),(53,210),(54,211),(54,212),(54,109),(54,132),(54,7),(54,213),(54,214),(55,215),(55,67),(55,177),(55,216),(55,13),(55,63),(55,12),(56,217),(56,42),(56,2),(56,218),(57,103),(57,219),(57,122),(57,220),(57,221),(57,222),(57,223),(58,224),(58,225),(58,24),(58,201),(58,12),(58,13),(59,107),(59,109),(59,12),(59,226),(59,157),(59,29),(59,227),(60,228),(60,29),(60,229),(60,230),(60,231),(61,63),(61,232),(61,182),(61,233),(61,188),(61,12),(61,13),(62,146),(62,234),(62,235),(62,135),(62,132),(62,98),(62,208),(62,236),(63,237),(63,165),(63,238),(63,239),(64,240),(64,12),(64,188),(64,241),(64,242),(64,37),(64,243),(64,34),(64,244),(64,42),(65,245),(65,57),(65,66),(65,153),(65,246),(65,247),(65,248),(66,52),(66,249),(66,55),(66,128),(66,250),(66,4),(66,17),(67,2),(67,96),(67,134),(67,124),(67,10),(67,4),(68,76),(68,251),(68,142),(68,252),(68,5),(68,253),(68,57),(68,88),(69,121),(69,132),(69,254),(69,7),(69,135),(69,208),(69,214),(70,24),(70,255),(70,171),(70,149),(70,12),(70,13),(70,256),(71,176),(71,257),(71,258),(71,259),(71,260),(72,22),(72,261),(72,75),(72,262),(72,263),(72,12),(72,135),(73,264),(73,265),(73,10),(73,5),(73,134),(74,266),(74,267),(74,9),(74,15),(75,268),(75,269),(75,270),(75,63),(75,12),(75,13),(76,271),(76,272),(76,235),(76,182),(76,63),(76,273),(76,121),(77,274),(77,275),(77,276),(77,277),(78,128),(78,134),(79,278),(79,279),(79,280),(79,55),(79,281),(79,282),(79,283),(80,284),(80,285),(80,286),(80,115),(80,287),(80,288),(81,188),(81,194),(81,134),(81,289),(81,290),(82,291),(82,292),(82,293),(82,294),(83,295),(83,98),(83,129),(83,99),(83,296),(83,297),(83,12),(83,13),(83,298),(84,128),(84,299),(84,300),(84,166),(84,76),(84,301),(84,107),(84,135),(84,98),(84,302),(84,57),(84,303),(85,304),(85,305),(85,7),(85,75),(85,306),(86,220),(86,307),(86,194),(86,308),(86,309),(86,15),(86,146),(86,182),(86,90),(86,310),(86,235),(87,311),(87,107),(87,214),(87,312),(87,164),(87,313),(88,314),(88,134),(88,124),(88,315),(88,316),(88,129),(88,317),(89,318),(89,171),(89,72),(89,319),(89,320),(89,12),(89,13),(90,107),(90,109),(90,12),(90,76),(90,57),(90,302),(90,165),(91,321),(91,163),(91,322),(91,63),(92,290),(92,58),(92,122),(92,323),(92,98),(92,13),(92,324),(93,325),(93,12),(93,98),(93,50),(93,326),(93,321),(93,1),(94,327),(94,165),(94,7),(94,328),(94,329),(95,330),(95,158),(95,331),(95,1),(95,12),(95,7),(95,107),(96,304),(96,332),(96,90),(96,333),(96,334),(97,335),(97,50),(97,336),(97,12),(97,13),(98,337),(98,242),(98,188),(98,17),(98,220),(98,52),(98,29),(98,338),(99,76),(99,339),(99,15),(99,340),(99,239),(99,107),(100,341),(100,210),(100,115),(100,182),(100,12),(100,124),(101,342),(101,343),(101,182),(101,344),(101,334),(101,345),(101,346),(102,347),(102,57),(102,10),(102,12),(102,171),(103,348),(103,63),(103,316),(103,310),(103,13),(103,122),(103,349),(104,350),(104,63),(104,182),(104,134),(104,325),(104,351),(105,352),(105,90),(105,353),(105,65),(105,304),(106,63),(106,190),(106,300),(106,4),(106,354),(106,355),(106,356),(107,357),(107,182),(107,358),(107,134),(107,325),(107,359),(107,351);
/*!40000 ALTER TABLE `recipe_ingredients` ENABLE KEYS */;
UNLOCK TABLES;

--
-- Table structure for table `recipes`
--

DROP TABLE IF EXISTS `recipes`;
/*!40101 SET @saved_cs_client     = @@character_set_client */;
/*!40101 SET character_set_client = utf8 */;
CREATE TABLE `recipes` (
  `id` int(11) NOT NULL AUTO_INCREMENT,
  `name` varchar(1000) CHARACTER SET utf8 NOT NULL,
  `yummly_id` varchar(1000) CHARACTER SET utf8 DEFAULT NULL,
  PRIMARY KEY (`id`)
) ENGINE=InnoDB AUTO_INCREMENT=108 DEFAULT CHARSET=big5;
/*!40101 SET character_set_client = @saved_cs_client */;

--
-- Dumping data for table `recipes`
--

LOCK TABLES `recipes` WRITE;
/*!40000 ALTER TABLE `recipes` DISABLE KEYS */;
INSERT INTO `recipes` VALUES (1,'Breakfast Sticks','Breakfast-Sticks-1096708'),(2,'Country Breakfast Skillet','Country-Breakfast-Skillet-2118469'),(3,'Breakfast Quesadillas','Breakfast-Quesadillas-1558054'),(4,'Breakfast Biscuit Buns','Breakfast-Biscuit-Buns-1741971'),(5,'Breakfast Enchiladas','Breakfast-Enchiladas-2084097'),(6,'Cowboy Breakfast Skillet','Cowboy-Breakfast-Skillet-1567476'),(7,'Breakfast Hash','Breakfast-Hash-2022457'),(8,'Country Breakfast','Country-Breakfast-1533018'),(9,'Breakfast Calzones','Breakfast-Calzones-1618441'),(10,'Breakfast Frittata','Breakfast-Frittata-1305238'),(11,'Bistro Breakfast','Bistro-Breakfast-1522799'),(12,'Breakfast Skillet','Breakfast-Skillet-1125894'),(13,'Breakfast Taquitos','Breakfast-Taquitos-1100365'),(14,'Breakfast Skillet Hash','Breakfast-Skillet-Hash-1103792'),(15,'Breakfast Bites','Breakfast-Bites-1191903'),(16,'Breakfast BLT','Breakfast-BLT-1540969'),(17,'Breakfast Bruschetta','Breakfast-Bruschetta-2034095'),(18,'Breakfast Cups','Breakfast-Cups-1731945'),(19,'Sausage, Egg and Cheese Breakfast Roll-Ups','Sausage_-Egg-and-Cheese-Breakfast-Roll-Ups-1741970'),(20,'Greek Yogurt Breakfast Bark','Greek-Yogurt-Breakfast-Bark-1568935'),(21,'Keto Breakfast Tacos','Keto-Breakfast-Tacos-2072200'),(22,'Protein Power Breakfast Parfait','Protein-Power-Breakfast-Parfait-1047963'),(23,'Breakfast Tacos','Breakfast-Tacos-489268'),(24,'5-Ingredient Strawberry Breakfast Pastries','5-Ingredient-Strawberry-Breakfast-Pastries-2083494'),(25,'Breakfast Arepas','Breakfast-Arepas-1262664'),(26,'Breakfast Sliders','Breakfast-Sliders-1508784'),(27,'Breakfast Empanadas','Breakfast-Empanadas-1166873'),(28,'Sweet Potato Waffle Breakfast Sandwich','Sweet-Potato-Waffle-Breakfast-Sandwich-1593958'),(29,'Waffled Breakfast Quesadilla','Waffled-Breakfast-Quesadilla-1026174'),(30,'Breakfast Corndogs','Breakfast-Corndogs-2050467'),(31,'Frozen Breakfast Wraps','Frozen-Breakfast-Wraps-567250'),(32,'Cinnamon Apple Quinoa Breakfast','Cinnamon-Apple-Quinoa-Breakfast-2040879'),(33,'Breakfast Egg Bites','Breakfast-Egg-Bites-2128064'),(34,'Lunch Kabobs','Lunch-Kabobs-1597033'),(35,'Parmesan Zucchini Sticks','Parmesan-Zucchini-Sticks-2108785'),(36,'Thai Salmon','Thai-Salmon-2122106'),(37,'Quick Lunch for One','Quick-Lunch-for-One-1856585'),(38,'Grilled Marinated Sliced Potatoes','Grilled-Marinated-Sliced-Potatoes-2121686'),(39,'Easy Lunch Idea for Kids','Easy-Lunch-Idea-for-Kids-1289869'),(40,'Zucchini Chips','Zucchini-Chips-2128885'),(41,'Zucchini Carrot Muffins','Zucchini-Carrot-Muffins-2125220'),(42,'Frozen Key Lime Pie Raspberry Snack Bites','Frozen-Key-Lime-Pie-Raspberry-Snack-Bites-1588583'),(43,'Baked Apple Pie Roll Ups','Baked-Apple-Pie-Roll-Ups-593599'),(44,'HULK Nuggets - Healthy Broccoli Nuggets For School Lunch Box','HULK-Nuggets---Healthy-Broccoli-Nuggets-For-School-Lunch-Box-1831296'),(45,'BLT Pasta Salad','BLT-Pasta-Salad-1577845'),(46,'Chicken Salad Sandwiches','Chicken-Salad-Sandwiches-2087237'),(47,'Easy Pita Lunch Ideas','Easy-Pita-Lunch-Ideas-1978489'),(48,'Avocado and Tomato Salad','Avocado-and-Tomato-Salad-1061964'),(49,'Buffalo Chicken Lettuce Cups','Buffalo-chicken-lettuce-cups-333765'),(50,'Summer Burst Zucchini Pasta Salad','Summer-Burst-Zucchini-Pasta-Salad-2123723'),(51,'Southwestern Chopped Chicken Salad','Southwestern-Chopped-Chicken-Salad-1720941'),(52,'Spiced Sweet Potato Fries','Spiced-Sweet-Potato-Fries-2086184'),(53,'Breakfast Lunch Dinner Quinoa','Breakfast-Lunch-Dinner-Quinoa-996562'),(54,'Paleo Sandwich Bread (Just 4 main ingredients!)','Paleo-Sandwich-Bread-_Just-4-main-ingredients__-2079511'),(55,'Collard Green Lunch Wraps','Collard-Green-Lunch-Wraps-2131418'),(56,'Bacon Wrapped Cheese Hot Dogs','Bacon-Wrapped-Cheese-Hot-Dogs-1538888'),(57,'Chicken Caesar Wraps','Chicken-Caesar-Wraps-2102280'),(58,'Cucumber and Avocado Sandwich','Cucumber-and-Avocado-Sandwich-1474496'),(59,'Sausage Balls','Sausage-Balls-2065174'),(60,'Power Lunch','Power-Lunch-1262556'),(61,'Cilantro Lime Shrimp','Cilantro-Lime-Shrimp-2108066'),(62,'Oven Baked Zucchini Chips','Oven-Baked-Zucchini-Chips-748211'),(63,'Grands!® Mini Chicken Pot Pies','Grands_-Mini-Chicken-Pot-Pies-1812172'),(64,'Turkey Taco Lunch Bowls (Meal Prep)','Turkey-Taco-Lunch-Bowls-_Meal-Prep_-2016045'),(65,'Coconut Lime Popsicles','Coconut-Lime-Popsicles-2087605'),(66,'Spicy Peanut Chicken Quesadillas','Spicy-peanut-chicken-quesadillas-351045'),(67,'Crispy Cheese and Bacon Potatoes','Crispy-Cheese-and-Bacon-Potatoes-1953261'),(68,'Lunch Lady Brownies','Lunch-Lady-Brownies-1122779'),(69,'Paleo Zucchini Fritters','Paleo-Zucchini-Fritters-1982268'),(70,'Avocado-Tuna Salad with Cucumber Noodles','Avocado-Tuna-Salad-with-Cucumber-Noodles-1911187'),(71,'Hummus Veggie Wraps','Hummus-Veggie-Wraps-1577457'),(72,'Lunch Will Never Be the Same Again With Pizza Roll-Ups','Lunch-Will-Never-Be-the-Same-Again-With-Pizza-Roll-Ups-1808360'),(73,'Bacon and Cheese Egg McMuffin Cups','Bacon-and-cheese-egg-mcmuffin-cups-334789'),(74,'Macaroni & Cheese Dinner Fiesta','Macaroni-_-Cheese-Dinner-Fiesta-1594162'),(75,'Quick and Easy 4 Ingredient Dinner','Quick-and-Easy-4-Ingredient-Dinner-1558225'),(76,'Pesto Zucchini Noodles with Shrimp','Pesto-Zucchini-Noodles-with-Shrimp-2040636'),(77,'Peach Frosé','Peach-Frose-2079837'),(78,'The Best Effing Chicken Recipe Ever — Seriously','The-Best-Effing-Chicken-Recipe-Ever-Seriously-2060543'),(79,'Thanksgiving Dinner Crescent Ring','Thanksgiving-Dinner-Crescent-Ring-1030219'),(80,'Frozen Peanut Butter Cups','Frozen-Peanut-Butter-Cups-1710096'),(81,'Mint Lime Grilled Chicken Breasts','Mint-Lime-Grilled-Chicken-Breasts-2118012'),(82,'Boozy Bourbon Iced Coffee After Dinner Drink','Boozy-Bourbon-Iced-Coffee-After-Dinner-Drink-2127856'),(83,'Crunchy Baked BBQ Chicken Drumsticks','Crunchy-Baked-BBQ-Chicken-Drumsticks-2007049'),(84,'Chicken Pot Pie','Chicken-Pot-Pie-2029444'),(85,'Cheesy Stuffed Meatballs & Spaghetti','Cheesy-Stuffed-Meatballs-_-Spaghetti-2111970'),(86,'One Pot Chicken Florentine Pasta','One-Pot-Chicken-Florentine-Pasta-2125222'),(87,'6-Ingredient Orange Chicken','6-Ingredient-Orange-Chicken-1614114'),(88,'Perfect Rib Eye Steak','Perfect-Rib-Eye-Steak-1639201'),(89,'Man-Pleasing Chicken','Man-Pleasing-Chicken-608913'),(90,'Cracker Barrel Homemade Chicken and Dumplings','Cracker-Barrel-Homemade-Chicken-and-Dumplings-2056931'),(91,'Ranch Chicken','Ranch-Chicken-2089617'),(92,'Parmesan Mayonnaise Baked Skinless Chicken Breast','Parmesan-Mayonnaise-Baked-Skinless-Chicken-Breast-2034916'),(93,'Easy Skillet Chicken Breast Weeknight Dinner','Easy-Skillet-Chicken-Breast-Weeknight-Dinner-2081719'),(94,'Better Than Takeout Chinese Fried Rice','Better-Than-Takeout-Chinese-Fried-Rice-2104328'),(95,'30 Minute Easy Dinner Rolls (Small Batch)','30-Minute-Easy-Dinner-Rolls-_Small-Batch_-2105748'),(96,'Skillet Pasta & Beef Dinner','Skillet-Pasta-_-Beef-Dinner-2035836'),(97,'Crock Pot Whole Chicken','Crock-Pot-Whole-Chicken-1929714'),(98,'Mexican Chicken - Freezer Crock Pot Meal','Mexican-Chicken---Freezer-Crock-Pot-Meal-2120977'),(99,'Slow Cooker Chicken and Dumplings','Slow-Cooker-Chicken-and-Dumplings-1823326'),(100,'Oven-Roasted Chicken Thighs','Oven-Roasted-Chicken-Thighs-2102021'),(101,'5-Ingredient Italian Sausage and Kale Baked Ziti','5-Ingredient-Italian-Sausage-and-Kale-Baked-Ziti-2121096'),(102,'Revolutionary Mac & Cheese','Revolutionary-Mac-_-Cheese-1048867'),(103,'Cheesy Spinach Pinwheels','Cheesy-Spinach-Pinwheels-931846'),(104,'Simple Roast Beef','Simple-Roast-Beef-2047205'),(105,'Cheeseburger Dinner','Cheeseburger-dinner-298452'),(106,'Chicken Teriyaki Fried Brown Rice','Chicken-Teriyaki-Fried-Brown-Rice-1835842'),(107,'Garlic Lover’s Roast Beef','Garlic-Lovers-Roast-Beef-1587108');
/*!40000 ALTER TABLE `recipes` ENABLE KEYS */;
UNLOCK TABLES;
/*!40103 SET TIME_ZONE=@OLD_TIME_ZONE */;

/*!40101 SET SQL_MODE=@OLD_SQL_MODE */;
/*!40014 SET FOREIGN_KEY_CHECKS=@OLD_FOREIGN_KEY_CHECKS */;
/*!40014 SET UNIQUE_CHECKS=@OLD_UNIQUE_CHECKS */;
/*!40101 SET CHARACTER_SET_CLIENT=@OLD_CHARACTER_SET_CLIENT */;
/*!40101 SET CHARACTER_SET_RESULTS=@OLD_CHARACTER_SET_RESULTS */;
/*!40101 SET COLLATION_CONNECTION=@OLD_COLLATION_CONNECTION */;
/*!40111 SET SQL_NOTES=@OLD_SQL_NOTES */;

-- Dump completed on 2017-06-26 16:05:10
