-- MySQL dump 10.13  Distrib 5.7.18, for Linux (x86_64)
--
-- Host: 127.0.0.1    Database: recipe-db
-- ------------------------------------------------------
-- Server version	5.7.18-0ubuntu0.16.04.1

/*!40101 SET @OLD_CHARACTER_SET_CLIENT=@@CHARACTER_SET_CLIENT */;
/*!40101 SET @OLD_CHARACTER_SET_RESULTS=@@CHARACTER_SET_RESULTS */;
/*!40101 SET @OLD_COLLATION_CONNECTION=@@COLLATION_CONNECTION */;
/*!40101 SET NAMES utf8 */;
/*!40103 SET @OLD_TIME_ZONE=@@TIME_ZONE */;
/*!40103 SET TIME_ZONE='+00:00' */;
/*!40014 SET @OLD_UNIQUE_CHECKS=@@UNIQUE_CHECKS, UNIQUE_CHECKS=0 */;
/*!40014 SET @OLD_FOREIGN_KEY_CHECKS=@@FOREIGN_KEY_CHECKS, FOREIGN_KEY_CHECKS=0 */;
/*!40101 SET @OLD_SQL_MODE=@@SQL_MODE, SQL_MODE='NO_AUTO_VALUE_ON_ZERO' */;
/*!40111 SET @OLD_SQL_NOTES=@@SQL_NOTES, SQL_NOTES=0 */;

--
-- Table structure for table `ingredients`
--

DROP TABLE IF EXISTS `ingredients`;
/*!40101 SET @saved_cs_client     = @@character_set_client */;
/*!40101 SET character_set_client = utf8 */;
CREATE TABLE `ingredients` (
  `id` int(11) NOT NULL AUTO_INCREMENT,
  `name` varchar(1000) CHARACTER SET utf8 NOT NULL,
  PRIMARY KEY (`id`)
) ENGINE=InnoDB AUTO_INCREMENT=377 DEFAULT CHARSET=big5;
/*!40101 SET character_set_client = @saved_cs_client */;

--
-- Dumping data for table `ingredients`
--

LOCK TABLES `ingredients` WRITE;
/*!40000 ALTER TABLE `ingredients` DISABLE KEYS */;
INSERT INTO `ingredients` VALUES (1,'oil'),(2,'bacon'),(3,'breakfast sausages'),(4,'green onions'),(5,'large eggs'),(6,'jack cheese'),(7,'eggs'),(8,'red potato'),(9,'green pepper'),(10,'shredded cheddar cheese'),(11,'fresh parsley'),(12,'salt'),(13,'pepper'),(14,'finely chopped onion'),(15,'refrigerated buttermilk biscuits'),(16,'smoked cheddar cheese'),(17,'green enchilada sauce'),(18,'large flour tortillas'),(19,'black beans'),(20,'avocado'),(21,'cilantro leaves'),(22,'sliced green onions'),(23,'flour tortillas'),(24,'onions'),(25,'sharp cheddar cheese'),(26,'cilantro'),(27,'cheddar cheese'),(28,'salsa'),(29,'sour cream'),(30,'guacamole'),(31,'sweet potatoes'),(32,'hot sauce'),(33,'cheese'),(34,'new potatoes'),(35,'red pepper'),(36,'green chilies'),(37,'spring onions'),(38,'purple onion'),(39,'cooked sausages'),(40,'coriander'),(41,'cherry tomatoes'),(42,'sriracha sauce'),(43,'potatoes'),(44,'shredded cheese'),(45,'sliced mushrooms'),(46,'refrigerated pizza dough'),(47,'spinach'),(48,'beef'),(49,'sauerkraut'),(50,'blueberries'),(51,'mushrooms'),(52,'swiss cheese'),(53,'paprika'),(54,'hash brown'),(55,'tortillas'),(56,'bell pepper'),(57,'white onion'),(58,'mozzarella cheese'),(59,'butter'),(60,'yellow cornmeal'),(61,'flour'),(62,'white sugar'),(63,'baking powder'),(64,'buttermilk'),(65,'maple syrup'),(66,'ketchup'),(67,'vegetable oil'),(68,'milk'),(69,'olive oil'),(70,'toasted sourdough'),(71,'tomatoes'),(72,'lime juice'),(73,'mayonnaise'),(74,'basil pesto'),(75,'rustic bread'),(76,'lettuce leaves'),(77,'large tomato'),(78,'Pillsbury™ Refrigerated Crescent Dinner Rolls'),(79,'breakfast sausage links'),(80,'medium potatoes'),(81,'nonstick spray'),(82,'Pillsbury™ Grands®! Big & Flaky crescent dinner rolls'),(83,'low-fat cottage cheese'),(84,'breakfast cereals'),(85,'mixed fruit'),(86,'toasted walnuts'),(87,'agave nectar'),(88,'small red potatoes'),(89,'corn tortillas'),(90,'cotija'),(91,'white cornmeal'),(92,'water'),(93,'garlic butter'),(94,'puff pastry'),(95,'cream cheese'),(96,'strawberry jam'),(97,'strawberries'),(98,'powdered sugar'),(99,'buttermilk biscuits'),(100,'lettuce'),(101,'romaine lettuce'),(102,'turkey bacon'),(103,'dinner rolls'),(104,'light mayonnaise'),(105,'garlic salt'),(106,'russet potatoes'),(107,'fine sea salt'),(108,'garlic powder'),(109,'chili powder'),(110,'cream'),(111,'empanada wrappers'),(112,'egg whites'),(113,'quinoa'),(114,'apples'),(115,'cinnamon'),(116,'honey'),(117,'plain greek yogurt'),(118,'granola'),(119,'cooking spray'),(120,'Mexican style cheese'),(121,'canola oil'),(122,'green bell pepper'),(123,'meat'),(124,'barbecue rub'),(125,'unsalted butter'),(126,'sugar'),(127,'nutmeg'),(128,'luncheon meat'),(129,'olives'),(130,'cheese cubes'),(131,'brown rice'),(132,'rice vinegar'),(133,'gluten free soy sauce'),(134,'sesame oil'),(135,'asparagus'),(136,'radishes'),(137,'medium carrot'),(138,'cucumber'),(139,'red bell pepper'),(140,'nori'),(141,'gari'),(142,'black sesame seeds'),(143,'watermelon'),(144,'heirloom tomatoes'),(145,'nectarines'),(146,'fresh mozzarella'),(147,'balsamic vinegar'),(148,'fresh basil'),(149,'shrimp'),(150,'garlic cloves'),(151,'zucchini'),(152,'corn'),(153,'feta cheese'),(154,'Balsamico Bianco'),(155,'peaches'),(156,'basil leaves'),(157,'black pepper'),(158,'cayenne pepper'),(159,'cumin'),(160,'Nature\'s Own Bread'),(161,'vegetables'),(162,'pretzel sticks'),(163,'pepperoni'),(164,'cupcakes'),(165,'sea salt'),(166,'pinenuts'),(167,'grated parmesan cheese'),(168,'fresh basil leaves'),(169,'extra-virgin olive oil'),(170,'seasoning'),(171,'English muffins'),(172,'cooked bacon'),(173,'kosher salt'),(174,'white bread'),(175,'apple pie filling'),(176,'melted butter'),(177,'ricotta cheese'),(178,'fresh oregano'),(179,'fresh thyme'),(180,'english cucumber'),(181,'serrano peppers'),(182,'fresh oregano leaves'),(183,'bow-tie pasta'),(184,'medium tomatoes'),(185,'bacon slices'),(186,'ranch dressing'),(187,'barbecue sauce'),(188,'chopped cilantro'),(189,'lime'),(190,'jalapeno chilies'),(191,'medium zucchini'),(192,'coconut flour'),(193,'coconut oil'),(194,'mint leaves'),(195,'cantaloupe'),(196,'popsicle'),(197,'cooked chicken'),(198,'tortilla chips'),(199,'turkey'),(200,'almonds'),(201,'celery'),(202,'cranberry sauce'),(203,'freshly ground pepper'),(204,'dried cranberries'),(205,'sunflower seeds'),(206,'dried pasta'),(207,'dijon mustard'),(208,'unsweetened cocoa powder'),(209,'all-purpose flour'),(210,'granulated sugar'),(211,'vanilla extract'),(212,'cauliflower'),(213,'italian seasoning'),(214,'ground black pepper'),(215,'marinara sauce'),(216,'raspberries'),(217,'kale'),(218,'ice'),(219,'plain yogurt'),(220,'bananas'),(221,'almond butter'),(222,'wheat germ'),(223,'skinless chicken breasts'),(224,'fresh lemon juice'),(225,'red wine vinegar'),(226,'garlic'),(227,'dried oregano'),(228,'dried basil'),(229,'dried thyme'),(230,'ground coriander'),(231,'freshly ground black pepper'),(232,'fresh dill'),(233,'mustard'),(234,'snack crackers'),(235,'dried cherry'),(236,'grapes'),(237,'whole wheat tortillas'),(238,'carrots'),(239,'corn kernels'),(240,'butter lettuce'),(241,'chicken'),(242,'onion powder'),(243,'lemon juice'),(244,'parsley flakes'),(245,'croissants'),(246,'ham'),(247,'brown sugar'),(248,'poppy seeds'),(249,'small pasta'),(250,'snow pea pods'),(251,'peas'),(252,'vinaigrette'),(253,'shallots'),(254,'parmesan cheese'),(255,'chicken breasts'),(256,'taco seasoning mix'),(257,'white corn tortillas'),(258,'seedless watermelon'),(259,'feta cheese crumbles'),(260,'baguette'),(261,'ramen noodles'),(262,'edamame'),(263,'tofu'),(264,'baby spinach'),(265,'lean ground beef'),(266,'cauliflower rice'),(267,'diced tomatoes'),(268,'chopped bell pepper'),(269,'active dry yeast'),(270,'light brown sugar'),(271,'fine salt'),(272,'baking soda'),(273,'coarse salt'),(274,'Nature\'s Own Bread'),(275,'Natures Own Bread'),(276,'steak'),(277,'margarine'),(278,'macaroni and cheese dinner'),(279,'mexican chorizo'),(280,'bone-in skin-on chicken thighs'),(281,'baby potatoes'),(282,'baby carrots'),(283,'walnuts'),(284,'jumbo shrimp'),(285,'arugula'),(286,'portabello mushroom'),(287,'basil'),(288,'lemon'),(289,'apple cider vinegar'),(290,'cracked black pepper'),(291,'cayenne'),(292,'boneless skinless chicken breast halves'),(293,'crescent dinner rolls'),(294,'mashed potatoes'),(295,'cooked turkey'),(296,'green beans'),(297,'stuffing'),(298,'salmon fillets'),(299,'sweet chili sauce'),(300,'grilled chicken'),(301,'wing sauce'),(302,'shredded carrots'),(303,'peanuts'),(304,'crumbled blue cheese'),(305,'sliced carrots'),(306,'frozen peas'),(307,'chopped onion'),(308,'chicken broth'),(309,'unbaked pie crusts'),(310,'chicken breast fillets'),(311,'navel oranges'),(312,'light soy sauce'),(313,'ground turkey breast'),(314,'grated Gruyère cheese'),(315,'bread crumbs'),(316,'orzo'),(317,'rotisserie chicken'),(318,'chopped parsley'),(319,'pork roast'),(320,'meat bones'),(321,'bbq sauce'),(322,'scallions'),(323,'capers'),(324,'oregano'),(325,'pita bread'),(326,'warm water'),(327,'yeast'),(328,'skirt steak'),(329,'chopped fresh cilantro'),(330,'rump roast'),(331,'boneless skinless chicken thighs'),(332,'boneless skinless chicken breasts'),(333,'seasoning salt'),(334,'Italian style breadcrumbs'),(335,'jack'),(336,'peanut sauce'),(337,'cooked rice'),(338,'frozen vegetables'),(339,'soy sauce'),(340,'beer'),(341,'ground chipotle chile pepper'),(342,'whole chicken'),(343,'steak seasoning'),(344,'shredded zucchini'),(345,'table salt'),(346,'ground cinnamon'),(347,'grated nutmeg'),(348,'chicken thighs'),(349,'fresh rosemary'),(350,'dry bread crumbs'),(351,'frozen mixed vegetables'),(352,'condensed cream of chicken soup'),(353,'refrigerated biscuits'),(354,'rib eye steaks'),(355,'orange'),(356,'dill seed'),(357,'roast'),(358,'olive oil spray'),(359,'rosemary'),(360,'teriyaki sauce'),(361,'cooked brown rice'),(362,'cut up cooked chicken'),(363,'Bisquick Baking Mix'),(364,'frozen spinach'),(365,'grape tomatoes'),(366,'chives'),(367,'yellow onion'),(368,'low sodium soy sauce'),(369,'lemon zest'),(370,'ground beef'),(371,'Ragu Sauce'),(372,'rotini'),(373,'shredded mozzarella cheese'),(374,'knorr rice side   cheddar broccoli'),(375,'I Cant Believe Its Not Butter!® Spread'),(376,'low-fat mozzarella cheese');
/*!40000 ALTER TABLE `ingredients` ENABLE KEYS */;
UNLOCK TABLES;

--
-- Table structure for table `recipe_ingredients`
--

DROP TABLE IF EXISTS `recipe_ingredients`;
/*!40101 SET @saved_cs_client     = @@character_set_client */;
/*!40101 SET character_set_client = utf8 */;
CREATE TABLE `recipe_ingredients` (
  `recipe_id` int(11) DEFAULT NULL,
  `ingredient_id` int(11) DEFAULT NULL
) ENGINE=InnoDB DEFAULT CHARSET=big5;
/*!40101 SET character_set_client = @saved_cs_client */;

--
-- Dumping data for table `recipe_ingredients`
--

LOCK TABLES `recipe_ingredients` WRITE;
/*!40000 ALTER TABLE `recipe_ingredients` DISABLE KEYS */;
INSERT INTO `recipe_ingredients` VALUES (1,1),(1,2),(1,3),(1,4),(1,5),(1,6),(2,2),(2,7),(2,8),(2,9),(2,10),(2,11),(2,12),(2,13),(3,2),(3,14),(3,15),(3,7),(3,16),(4,17),(4,1),(4,3),(4,7),(4,18),(4,19),(4,20),(4,6),(4,21),(4,22),(5,23),(5,7),(5,24),(5,25),(5,2),(5,26),(5,2),(5,7),(5,12),(5,13),(5,27),(5,23),(5,28),(5,29),(5,30),(6,3),(6,31),(6,7),(6,20),(6,26),(6,32),(6,33),(7,34),(7,35),(7,36),(7,37),(7,38),(7,2),(7,39),(7,7),(7,40),(7,41),(7,12),(7,13),(7,1),(7,42),(7,43),(5,2),(5,7),(5,12),(5,13),(5,23),(5,44),(5,4),(8,2),(8,8),(8,24),(8,9),(8,7),(8,33),(8,45),(9,46),(9,7),(9,12),(9,13),(9,2),(9,44),(10,47),(10,48),(10,2),(10,49),(10,50),(11,51),(11,29),(11,2),(11,52),(11,7),(11,12),(11,13),(11,53),(12,54),(12,2),(12,7),(12,12),(12,13),(12,33),(13,55),(13,7),(13,56),(13,57),(13,2),(13,27),(14,58),(14,5),(14,59),(14,2),(14,20),(14,27),(14,12),(14,13),(15,3),(15,60),(15,61),(15,62),(15,63),(15,12),(15,64),(15,5),(15,65),(15,66),(16,67),(16,54),(16,2),(16,7),(16,10),(16,22),(17,7),(17,44),(17,68),(17,13),(17,54),(17,2),(18,69),(18,70),(18,71),(18,12),(18,13),(18,20),(18,72),(18,11),(19,73),(19,74),(19,2),(19,7),(19,75),(19,76),(19,77),(20,7),(1,1),(1,2),(1,3),(1,4),(1,5),(1,6),(2,2),(2,7),(2,8),(2,9),(2,10),(2,11),(2,12),(2,13),(3,2),(3,14),(3,15),(3,7),(3,16),(4,17),(4,1),(4,3),(4,7),(4,18),(4,19),(4,20),(4,6),(4,21),(4,22),(5,23),(5,7),(5,24),(5,25),(5,2),(5,26),(5,2),(5,7),(5,12),(5,13),(5,27),(5,23),(5,28),(5,29),(5,30),(6,3),(6,31),(6,7),(6,20),(6,26),(6,32),(6,33),(7,34),(7,35),(7,36),(7,37),(7,38),(7,2),(7,39),(7,7),(7,40),(7,41),(7,12),(7,13),(7,1),(7,42),(7,43),(5,2),(5,7),(5,12),(5,13),(5,23),(5,44),(5,4),(8,2),(8,8),(8,24),(8,9),(8,7),(8,33),(8,45),(9,46),(9,7),(9,12),(9,13),(9,2),(9,44),(10,47),(10,48),(10,2),(10,49),(10,50),(11,51),(11,29),(11,2),(11,52),(11,7),(11,12),(11,13),(11,53),(12,54),(12,2),(12,7),(12,12),(12,13),(12,33),(13,55),(13,7),(13,56),(13,57),(13,2),(13,27),(14,58),(14,5),(14,59),(14,2),(14,20),(14,27),(14,12),(14,13),(15,3),(15,60),(15,61),(15,62),(15,63),(15,12),(15,64),(15,5),(15,65),(15,66),(16,67),(16,54),(16,2),(16,7),(16,10),(16,22),(17,7),(17,44),(17,68),(17,13),(17,54),(17,2),(18,69),(18,70),(18,71),(18,12),(18,13),(18,20),(18,72),(18,11),(19,73),(19,74),(19,2),(19,7),(19,75),(19,76),(19,77),(20,7),(1,1),(1,2),(1,3),(1,4),(1,5),(1,6),(2,2),(2,7),(2,8),(2,9),(2,10),(2,11),(2,12),(2,13),(3,2),(3,14),(3,15),(3,7),(3,16),(4,17),(4,1),(4,3),(4,7),(4,18),(4,19),(4,20),(4,6),(4,21),(4,22),(5,23),(5,7),(5,24),(5,25),(5,2),(5,26),(5,2),(5,7),(5,12),(5,13),(5,27),(5,23),(5,28),(5,29),(5,30),(6,3),(6,31),(6,7),(6,20),(6,26),(6,32),(6,33),(7,34),(7,35),(7,36),(7,37),(7,38),(7,2),(7,39),(7,7),(7,40),(7,41),(7,12),(7,13),(7,1),(7,42),(7,43),(5,2),(5,7),(5,12),(5,13),(5,23),(5,44),(5,4),(8,2),(8,8),(8,24),(8,9),(8,7),(8,33),(8,45),(9,46),(9,7),(9,12),(9,13),(9,2),(9,44),(10,47),(10,48),(10,2),(10,49),(10,50),(11,51),(11,29),(11,2),(11,52),(11,7),(11,12),(11,13),(11,53),(12,54),(12,2),(12,7),(12,12),(12,13),(12,33),(13,55),(13,7),(13,56),(13,57),(13,2),(13,27),(14,58),(14,5),(14,59),(14,2),(14,20),(14,27),(14,12),(14,13),(15,3),(15,60),(15,61),(15,62),(15,63),(15,12),(15,64),(15,5),(15,65),(15,66),(16,67),(16,54),(16,2),(16,7),(16,10),(16,22),(17,7),(17,44),(17,68),(17,13),(17,54),(17,2),(18,69),(18,70),(18,71),(18,12),(18,13),(18,20),(18,72),(18,11),(19,73),(19,74),(19,2),(19,7),(19,75),(19,76),(19,77),(20,7),(1,1),(1,2),(1,3),(1,4),(1,5),(1,6),(2,2),(2,7),(2,8),(2,9),(2,10),(2,11),(2,12),(2,13),(3,2),(3,14),(3,15),(3,7),(3,16),(4,17),(4,1),(4,3),(4,7),(4,18),(4,19),(4,20),(4,6),(4,21),(4,22),(5,23),(5,7),(5,24),(5,25),(5,2),(5,26),(5,2),(5,7),(5,12),(5,13),(5,27),(5,23),(5,28),(5,29),(5,30),(6,3),(6,31),(6,7),(6,20),(6,26),(6,32),(6,33),(7,34),(7,35),(7,36),(7,37),(7,38),(7,2),(7,39),(7,7),(7,40),(7,41),(7,12),(7,13),(7,1),(7,42),(7,43),(5,2),(5,7),(5,12),(5,13),(5,23),(5,44),(5,4),(8,2),(8,8),(8,24),(8,9),(8,7),(8,33),(8,45),(9,46),(9,7),(9,12),(9,13),(9,2),(9,44),(10,47),(10,48),(10,2),(10,49),(10,50),(11,51),(11,29),(11,2),(11,52),(11,7),(11,12),(11,13),(11,53),(12,54),(12,2),(12,7),(12,12),(12,13),(12,33),(13,55),(13,7),(13,56),(13,57),(13,2),(13,27),(14,58),(14,5),(14,59),(14,2),(14,20),(14,27),(14,12),(14,13),(15,3),(15,60),(15,61),(15,62),(15,63),(15,12),(15,64),(15,5),(15,65),(15,66),(16,67),(16,54),(16,2),(16,7),(16,10),(16,22),(17,7),(17,44),(17,68),(17,13),(17,54),(17,2),(18,69),(18,70),(18,71),(18,12),(18,13),(18,20),(18,72),(18,11),(19,73),(19,74),(19,2),(19,7),(19,75),(19,76),(19,77),(20,7),(1,1),(1,2),(1,3),(1,4),(1,5),(1,6),(2,2),(2,7),(2,8),(2,9),(2,10),(2,11),(2,12),(2,13),(3,2),(3,14),(3,15),(3,7),(3,16),(4,17),(4,1),(4,3),(4,7),(4,18),(4,19),(4,20),(4,6),(4,21),(4,22),(5,23),(5,7),(5,24),(5,25),(5,2),(5,26),(5,2),(5,7),(5,12),(5,13),(5,27),(5,23),(5,28),(5,29),(5,30),(6,3),(6,31),(6,7),(6,20),(6,26),(6,32),(6,33),(7,34),(7,35),(7,36),(7,37),(7,38),(7,2),(7,39),(7,7),(7,40),(7,41),(7,12),(7,13),(7,1),(7,42),(7,43),(5,2),(5,7),(5,12),(5,13),(5,23),(5,44),(5,4),(8,2),(8,8),(8,24),(8,9),(8,7),(8,33),(8,45),(9,46),(9,7),(9,12),(9,13),(9,2),(9,44),(10,47),(10,48),(10,2),(10,49),(10,50),(11,51),(11,29),(11,2),(11,52),(11,7),(11,12),(11,13),(11,53),(12,54),(12,2),(12,7),(12,12),(12,13),(12,33),(13,55),(13,7),(13,56),(13,57),(13,2),(13,27),(14,58),(14,5),(14,59),(14,2),(14,20),(14,27),(14,12),(14,13),(15,3),(15,60),(15,61),(15,62),(15,63),(15,12),(15,64),(15,5),(15,65),(15,66),(16,67),(16,54),(16,2),(16,7),(16,10),(16,22),(17,7),(17,44),(17,68),(17,13),(17,54),(17,2),(18,69),(18,70),(18,71),(18,12),(18,13),(18,20),(18,72),(18,11),(19,73),(19,74),(19,2),(19,7),(19,75),(19,76),(19,77),(20,7),(20,78),(20,79),(20,27),(20,12),(20,13),(21,80),(21,2),(21,5),(21,69),(21,81),(21,1),(21,12),(21,13),(17,82),(17,7),(17,2),(17,27),(17,68),(17,13),(17,12),(17,33),(22,83),(22,84),(22,85),(22,86),(22,87),(23,2),(23,88),(23,67),(23,89),(23,5),(23,59),(23,20),(23,90),(23,2),(23,7),(23,23),(23,20),(23,42),(23,11),(24,91),(24,92),(24,12),(24,93),(24,7),(24,2),(25,94),(25,95),(25,96),(25,97),(25,5),(25,98),(19,99),(19,2),(19,71),(19,100),(19,73),(19,12),(19,13),(26,31),(26,7),(26,2),(26,27),(26,71),(26,101),(27,3),(27,102),(27,7),(27,103),(27,58),(27,104),(27,32),(27,105),(27,59),(28,106),(28,69),(28,107),(28,108),(28,109),(28,5),(28,110),(28,3),(28,27),(28,12),(28,13),(28,32),(28,111),(28,112),(29,113),(29,92),(29,114),(29,115),(29,116),(30,117),(30,65),(30,118),(30,50),(30,97),(23,2),(23,7),(23,89),(23,69),(23,44),(23,28),(31,7),(31,25),(31,2),(31,24),(31,12),(31,13),(31,119),(32,23),(32,7),(32,120),(32,2),(32,121),(2,2),(2,7),(2,8),(2,9),(2,10),(2,11),(2,12),(2,13),(1,1),(1,2),(1,3),(1,4),(1,5),(1,6),(3,2),(3,14),(3,15),(3,7),(3,16),(4,17),(4,1),(4,3),(4,7),(4,18),(4,19),(4,20),(4,6),(4,21),(4,22),(5,23),(5,7),(5,24),(5,25),(5,2),(5,26),(5,2),(5,7),(5,12),(5,13),(5,27),(5,23),(5,28),(5,29),(5,30),(6,3),(6,31),(6,7),(6,20),(6,26),(6,32),(6,33),(7,34),(7,35),(7,36),(7,37),(7,38),(7,2),(7,39),(7,7),(7,40),(7,41),(7,12),(7,13),(7,1),(7,42),(7,43),(5,2),(5,7),(5,12),(5,13),(5,23),(5,44),(5,4),(8,2),(8,8),(8,24),(8,9),(8,7),(8,33),(8,45),(9,46),(9,7),(9,12),(9,13),(9,2),(9,44),(14,58),(14,5),(14,59),(14,2),(14,20),(14,27),(14,12),(14,13),(10,47),(10,48),(10,2),(10,49),(10,50),(15,3),(15,60),(15,61),(15,62),(15,63),(15,12),(15,64),(15,5),(15,65),(15,66),(11,51),(11,29),(11,2),(11,52),(11,7),(11,12),(11,13),(11,53),(12,54),(12,2),(12,7),(12,12),(12,13),(12,33),(13,55),(13,7),(13,56),(13,57),(13,2),(13,27),(16,67),(16,54),(16,2),(16,7),(16,10),(16,22),(17,7),(17,44),(17,68),(17,13),(17,54),(17,2),(18,69),(18,70),(18,71),(18,12),(18,13),(18,20),(18,72),(18,11),(20,7),(20,78),(20,79),(20,27),(20,12),(20,13),(19,73),(19,74),(19,2),(19,7),(19,75),(19,76),(19,77),(21,80),(21,2),(21,5),(21,69),(21,81),(21,1),(21,12),(21,13),(17,82),(17,7),(17,2),(17,27),(17,68),(17,13),(17,12),(17,33),(22,83),(22,84),(22,85),(22,86),(22,87),(23,2),(23,88),(23,67),(23,89),(23,5),(23,59),(23,20),(23,90),(24,91),(24,92),(24,12),(24,93),(24,7),(24,2),(25,94),(25,95),(25,96),(25,97),(25,5),(25,98),(23,2),(23,7),(23,23),(23,20),(23,42),(23,11),(19,99),(19,2),(19,71),(19,100),(19,73),(19,12),(19,13),(29,113),(29,92),(29,114),(29,115),(29,116),(26,31),(26,7),(26,2),(26,27),(26,71),(26,101),(27,3),(27,102),(27,7),(27,103),(27,58),(27,104),(27,32),(27,105),(27,59),(23,2),(23,7),(23,89),(23,69),(23,44),(23,28),(28,106),(28,69),(28,107),(28,108),(28,109),(28,5),(28,110),(28,3),(28,27),(28,12),(28,13),(28,32),(28,111),(28,112),(32,23),(32,7),(32,120),(32,2),(32,121),(33,7),(33,12),(33,2),(33,10),(33,55),(30,117),(30,65),(30,118),(30,50),(30,97),(34,2),(34,3),(34,5),(34,44),(34,57),(34,122),(34,123),(34,116),(34,124),(34,12),(34,13),(35,125),(35,126),(35,7),(35,61),(35,63),(35,12),(35,127),(35,68),(35,115),(36,128),(36,100),(36,129),(36,41),(36,130),(37,131),(37,132),(37,116),(37,12),(37,133),(37,134),(37,135),(37,136),(37,137),(37,138),(37,139),(37,20),(37,140),(37,141),(37,142),(38,143),(38,144),(38,145),(38,146),(38,12),(38,13),(38,69),(38,147),(38,148),(39,149),(39,150),(39,69),(39,151),(39,152),(39,41),(39,153),(39,12),(40,154),(40,41),(40,50),(40,155),(40,20),(40,69),(40,12),(40,13),(40,156),(41,31),(41,69),(41,157),(41,158),(41,53),(41,159),(41,108),(42,160),(42,128),(42,52),(42,27),(42,161),(42,162),(42,163),(42,164),(43,151),(43,165),(43,166),(43,167),(43,168),(43,169),(43,170),(44,171),(44,172),(44,10),(44,5),(44,173),(45,174),(45,175),(45,176),(45,126),(45,115),(46,177),(46,156),(46,178),(46,179),(46,69),(46,147),(46,12),(46,13),(46,144),(46,180),(46,136),(46,181),(46,38),(46,168),(46,182),(47,183),(47,101),(47,184),(47,185),(47,186),(47,187),(47,13),(48,71),(48,20),(48,38),(48,188),(48,189),(48,169),(48,12),(49,20),(49,97),(49,4),(49,190),(49,72),(49,26),(49,12),(50,191),(50,165),(50,192),(50,7),(50,157),(50,158),(50,193),(51,92),(51,116),(51,143),(51,194),(51,195),(51,72),(51,196),(52,101),(52,197),(52,152),(52,19),(52,71),(52,20),(52,38),(52,10),(52,198),(52,188),(53,199),(53,200),(53,201),(53,73),(53,202),(53,12),(53,203),(53,55),(54,113),(54,92),(54,204),(54,205),(54,116),(54,147),(55,206),(55,68),(55,10),(55,12),(55,207),(56,59),(56,208),(56,209),(56,210),(56,5),(56,211),(56,68),(56,98),(57,212),(57,112),(57,58),(57,213),(57,214),(57,12),(57,215),(58,216),(58,217),(58,218),(58,219),(58,220),(58,116),(58,221),(58,222),(59,223),(59,69),(59,224),(59,225),(59,226),(59,227),(59,228),(59,229),(59,230),(59,12),(59,231),(59,139),(59,151),(59,38),(59,138),(59,117),(59,169),(59,11),(59,232),(60,151),(60,139),(60,51),(60,69),(60,73),(60,233),(60,116),(61,234),(61,33),(61,200),(61,235),(61,236),(62,237),(62,95),(62,238),(62,138),(62,100),(63,113),(63,19),(63,28),(63,239),(63,109),(63,20),(64,240),(64,241),(64,20),(64,242),(64,108),(64,233),(64,243),(64,165),(64,244),(64,2),(65,245),(65,246),(65,33),(65,207),(65,116),(65,247),(65,248),(66,249),(66,250),(66,251),(66,252),(66,139),(66,69),(66,225),(66,253),(66,12),(66,157),(67,7),(67,20),(67,224),(67,107),(68,191),(68,254),(68,229),(68,12),(68,231),(69,255),(69,28),(69,117),(69,44),(69,256),(69,257),(70,258),(70,20),(70,259),(70,72),(70,260),(71,92),(71,261),(71,262),(71,263),(71,264),(72,265),(72,109),(72,159),(72,242),(72,13),(72,12),(72,108),(72,266),(72,267),(72,151),(72,268),(73,68),(73,269),(73,270),(73,209),(73,125),(73,271),(73,272),(73,273),(2,2),(2,7),(2,8),(2,9),(2,10),(2,11),(2,12),(2,13),(1,1),(1,2),(1,3),(1,4),(1,5),(1,6),(3,2),(3,14),(3,15),(3,7),(3,16),(4,17),(4,1),(4,3),(4,7),(4,18),(4,19),(4,20),(4,6),(4,21),(4,22),(5,23),(5,7),(5,24),(5,25),(5,2),(5,26),(5,2),(5,7),(5,12),(5,13),(5,27),(5,23),(5,28),(5,29),(5,30),(6,3),(6,31),(6,7),(6,20),(6,26),(6,32),(6,33),(7,34),(7,35),(7,36),(7,37),(7,38),(7,2),(7,39),(7,7),(7,40),(7,41),(7,12),(7,13),(7,1),(7,42),(7,43),(5,2),(5,7),(5,12),(5,13),(5,23),(5,44),(5,4),(8,2),(8,8),(8,24),(8,9),(8,7),(8,33),(8,45),(9,46),(9,7),(9,12),(9,13),(9,2),(9,44),(14,58),(14,5),(14,59),(14,2),(14,20),(14,27),(14,12),(14,13),(10,47),(10,48),(10,2),(10,49),(10,50),(15,3),(15,60),(15,61),(15,62),(15,63),(15,12),(15,64),(15,5),(15,65),(15,66),(11,51),(11,29),(11,2),(11,52),(11,7),(11,12),(11,13),(11,53),(12,54),(12,2),(12,7),(12,12),(12,13),(12,33),(13,55),(13,7),(13,56),(13,57),(13,2),(13,27),(16,67),(16,54),(16,2),(16,7),(16,10),(16,22),(17,7),(17,44),(17,68),(17,13),(17,54),(17,2),(18,69),(18,70),(18,71),(18,12),(18,13),(18,20),(18,72),(18,11),(20,7),(20,78),(20,79),(20,27),(20,12),(20,13),(19,73),(19,74),(19,2),(19,7),(19,75),(19,76),(19,77),(21,80),(21,2),(21,5),(21,69),(21,81),(21,1),(21,12),(21,13),(17,82),(17,7),(17,2),(17,27),(17,68),(17,13),(17,12),(17,33),(22,83),(22,84),(22,85),(22,86),(22,87),(23,2),(23,88),(23,67),(23,89),(23,5),(23,59),(23,20),(23,90),(24,91),(24,92),(24,12),(24,93),(24,7),(24,2),(25,94),(25,95),(25,96),(25,97),(25,5),(25,98),(23,2),(23,7),(23,23),(23,20),(23,42),(23,11),(19,99),(19,2),(19,71),(19,100),(19,73),(19,12),(19,13),(29,113),(29,92),(29,114),(29,115),(29,116),(26,31),(26,7),(26,2),(26,27),(26,71),(26,101),(27,3),(27,102),(27,7),(27,103),(27,58),(27,104),(27,32),(27,105),(27,59),(23,2),(23,7),(23,89),(23,69),(23,44),(23,28),(28,106),(28,69),(28,107),(28,108),(28,109),(28,5),(28,110),(28,3),(28,27),(28,12),(28,13),(28,32),(28,111),(28,112),(32,23),(32,7),(32,120),(32,2),(32,121),(33,7),(33,12),(33,2),(33,10),(33,55),(30,117),(30,65),(30,118),(30,50),(30,97),(34,2),(34,3),(34,5),(34,44),(34,57),(34,122),(34,123),(34,116),(34,124),(34,12),(34,13),(35,125),(35,126),(35,7),(35,61),(35,63),(35,12),(35,127),(35,68),(35,115),(36,128),(36,100),(36,129),(36,41),(36,130),(37,131),(37,132),(37,116),(37,12),(37,133),(37,134),(37,135),(37,136),(37,137),(37,138),(37,139),(37,20),(37,140),(37,141),(37,142),(38,143),(38,144),(38,145),(38,146),(38,12),(38,13),(38,69),(38,147),(38,148),(39,149),(39,150),(39,69),(39,151),(39,152),(39,41),(39,153),(39,12),(40,154),(40,41),(40,50),(40,155),(40,20),(40,69),(40,12),(40,13),(40,156),(41,31),(41,69),(41,157),(41,158),(41,53),(41,159),(41,108),(42,160),(42,128),(42,52),(42,27),(42,161),(42,162),(42,163),(42,164),(43,151),(43,165),(43,166),(43,167),(43,168),(43,169),(43,170),(44,171),(44,172),(44,10),(44,5),(44,173),(45,174),(45,175),(45,176),(45,126),(45,115),(46,177),(46,156),(46,178),(46,179),(46,69),(46,147),(46,12),(46,13),(46,144),(46,180),(46,136),(46,181),(46,38),(46,168),(46,182),(47,183),(47,101),(47,184),(47,185),(47,186),(47,187),(47,13),(48,71),(48,20),(48,38),(48,188),(48,189),(48,169),(48,12),(49,20),(49,97),(49,4),(49,190),(49,72),(49,26),(49,12),(50,191),(50,165),(50,192),(50,7),(50,157),(50,158),(50,193),(51,92),(51,116),(51,143),(51,194),(51,195),(51,72),(51,196),(52,101),(52,197),(52,152),(52,19),(52,71),(52,20),(52,38),(52,10),(52,198),(52,188),(53,199),(53,200),(53,201),(53,73),(53,202),(53,12),(53,203),(53,55),(54,113),(54,92),(54,204),(54,205),(54,116),(54,147),(55,206),(55,68),(55,10),(55,12),(55,207),(56,59),(56,208),(56,209),(56,210),(56,5),(56,211),(56,68),(56,98),(57,212),(57,112),(57,58),(57,213),(57,214),(57,12),(57,215),(58,216),(58,217),(58,218),(58,219),(58,220),(58,116),(58,221),(58,222),(59,223),(59,69),(59,224),(59,225),(59,226),(59,227),(59,228),(59,229),(59,230),(59,12),(59,231),(59,139),(59,151),(59,38),(59,138),(59,117),(59,169),(59,11),(59,232),(60,151),(60,139),(60,51),(60,69),(60,73),(60,233),(60,116),(61,234),(61,33),(61,200),(61,235),(61,236),(62,237),(62,95),(62,238),(62,138),(62,100),(63,113),(63,19),(63,28),(63,239),(63,109),(63,20),(64,240),(64,241),(64,20),(64,242),(64,108),(64,233),(64,243),(64,165),(64,244),(64,2),(65,245),(65,246),(65,33),(65,207),(65,116),(65,247),(65,248),(66,249),(66,250),(66,251),(66,252),(66,139),(66,69),(66,225),(66,253),(66,12),(66,157),(67,7),(67,20),(67,224),(67,107),(68,191),(68,254),(68,229),(68,12),(68,231),(69,255),(69,28),(69,117),(69,44),(69,256),(69,257),(70,258),(70,20),(70,259),(70,72),(70,260),(71,92),(71,261),(71,262),(71,263),(71,264),(72,265),(72,109),(72,159),(72,242),(72,13),(72,12),(72,108),(72,266),(72,267),(72,151),(72,268),(73,68),(73,269),(73,270),(73,209),(73,125),(73,271),(73,272),(73,273),(2,2),(2,7),(2,8),(2,9),(2,10),(2,11),(2,12),(2,13),(1,1),(1,2),(1,3),(1,4),(1,5),(1,6),(3,2),(3,14),(3,15),(3,7),(3,16),(4,17),(4,1),(4,3),(4,7),(4,18),(4,19),(4,20),(4,6),(4,21),(4,22),(5,23),(5,7),(5,24),(5,25),(5,2),(5,26),(5,2),(5,7),(5,12),(5,13),(5,27),(5,23),(5,28),(5,29),(5,30),(6,3),(6,31),(6,7),(6,20),(6,26),(6,32),(6,33),(7,34),(7,35),(7,36),(7,37),(7,38),(7,2),(7,39),(7,7),(7,40),(7,41),(7,12),(7,13),(7,1),(7,42),(7,43),(5,2),(5,7),(5,12),(5,13),(5,23),(5,44),(5,4),(8,2),(8,8),(8,24),(8,9),(8,7),(8,33),(8,45),(9,46),(9,7),(9,12),(9,13),(9,2),(9,44),(14,58),(14,5),(14,59),(14,2),(14,20),(14,27),(14,12),(14,13),(10,47),(10,48),(10,2),(10,49),(10,50),(15,3),(15,60),(15,61),(15,62),(15,63),(15,12),(15,64),(15,5),(15,65),(15,66),(11,51),(11,29),(11,2),(11,52),(11,7),(11,12),(11,13),(11,53),(12,54),(12,2),(12,7),(12,12),(12,13),(12,33),(13,55),(13,7),(13,56),(13,57),(13,2),(13,27),(16,67),(16,54),(16,2),(16,7),(16,10),(16,22),(17,7),(17,44),(17,68),(17,13),(17,54),(17,2),(18,69),(18,70),(18,71),(18,12),(18,13),(18,20),(18,72),(18,11),(20,7),(20,78),(20,79),(20,27),(20,12),(20,13),(19,73),(19,74),(19,2),(19,7),(19,75),(19,76),(19,77),(21,80),(21,2),(21,5),(21,69),(21,81),(21,1),(21,12),(21,13),(17,82),(17,7),(17,2),(17,27),(17,68),(17,13),(17,12),(17,33),(22,83),(22,84),(22,85),(22,86),(22,87),(23,2),(23,88),(23,67),(23,89),(23,5),(23,59),(23,20),(23,90),(24,91),(24,92),(24,12),(24,93),(24,7),(24,2),(25,94),(25,95),(25,96),(25,97),(25,5),(25,98),(23,2),(23,7),(23,23),(23,20),(23,42),(23,11),(19,99),(19,2),(19,71),(19,100),(19,73),(19,12),(19,13),(29,113),(29,92),(29,114),(29,115),(29,116),(26,31),(26,7),(26,2),(26,27),(26,71),(26,101),(27,3),(27,102),(27,7),(27,103),(27,58),(27,104),(27,32),(27,105),(27,59),(23,2),(23,7),(23,89),(23,69),(23,44),(23,28),(28,106),(28,69),(28,107),(28,108),(28,109),(28,5),(28,110),(28,3),(28,27),(28,12),(28,13),(28,32),(28,111),(28,112),(32,23),(32,7),(32,120),(32,2),(32,121),(33,7),(33,12),(33,2),(33,10),(33,55),(30,117),(30,65),(30,118),(30,50),(30,97),(34,2),(34,3),(34,5),(34,44),(34,57),(34,122),(34,123),(34,116),(34,124),(34,12),(34,13),(35,125),(35,126),(35,7),(35,61),(35,63),(35,12),(35,127),(35,68),(35,115),(36,128),(36,100),(36,129),(36,41),(36,130),(37,131),(37,132),(37,116),(37,12),(37,133),(37,134),(37,135),(37,136),(37,137),(37,138),(37,139),(37,20),(37,140),(37,141),(37,142),(38,143),(38,144),(38,145),(38,146),(38,12),(38,13),(38,69),(38,147),(38,148),(39,149),(39,150),(39,69),(39,151),(39,152),(39,41),(39,153),(39,12),(40,154),(40,41),(40,50),(40,155),(40,20),(40,69),(40,12),(40,13),(40,156),(41,31),(41,69),(41,157),(41,158),(41,53),(41,159),(41,108),(42,160),(42,128),(42,52),(42,27),(42,161),(42,162),(42,163),(42,164),(43,151),(43,165),(43,166),(43,167),(43,168),(43,169),(43,170),(44,171),(44,172),(44,10),(44,5),(44,173),(45,174),(45,175),(45,176),(45,126),(45,115),(46,177),(46,156),(46,178),(46,179),(46,69),(46,147),(46,12),(46,13),(46,144),(46,180),(46,136),(46,181),(46,38),(46,168),(46,182),(47,183),(47,101),(47,184),(47,185),(47,186),(47,187),(47,13),(48,71),(48,20),(48,38),(48,188),(48,189),(48,169),(48,12),(49,20),(49,97),(49,4),(49,190),(49,72),(49,26),(49,12),(50,191),(50,165),(50,192),(50,7),(50,157),(50,158),(50,193),(51,92),(51,116),(51,143),(51,194),(51,195),(51,72),(51,196),(52,101),(52,197),(52,152),(52,19),(52,71),(52,20),(52,38),(52,10),(52,198),(52,188),(53,199),(53,200),(53,201),(53,73),(53,202),(53,12),(53,203),(53,55),(54,113),(54,92),(54,204),(54,205),(54,116),(54,147),(55,206),(55,68),(55,10),(55,12),(55,207),(56,59),(56,208),(56,209),(56,210),(56,5),(56,211),(56,68),(56,98),(57,212),(57,112),(57,58),(57,213),(57,214),(57,12),(57,215),(58,216),(58,217),(58,218),(58,219),(58,220),(58,116),(58,221),(58,222),(59,223),(59,69),(59,224),(59,225),(59,226),(59,227),(59,228),(59,229),(59,230),(59,12),(59,231),(59,139),(59,151),(59,38),(59,138),(59,117),(59,169),(59,11),(59,232),(60,151),(60,139),(60,51),(60,69),(60,73),(60,233),(60,116),(61,234),(61,33),(61,200),(61,235),(61,236),(62,237),(62,95),(62,238),(62,138),(62,100),(63,113),(63,19),(63,28),(63,239),(63,109),(63,20),(64,240),(64,241),(64,20),(64,242),(64,108),(64,233),(64,243),(64,165),(64,244),(64,2),(65,245),(65,246),(65,33),(65,207),(65,116),(65,247),(65,248),(66,249),(66,250),(66,251),(66,252),(66,139),(66,69),(66,225),(66,253),(66,12),(66,157),(67,7),(67,20),(67,224),(67,107),(68,191),(68,254),(68,229),(68,12),(68,231),(69,255),(69,28),(69,117),(69,44),(69,256),(69,257),(70,258),(70,20),(70,259),(70,72),(70,260),(71,92),(71,261),(71,262),(71,263),(71,264),(72,265),(72,109),(72,159),(72,242),(72,13),(72,12),(72,108),(72,266),(72,267),(72,151),(72,268),(73,68),(73,269),(73,270),(73,209),(73,125),(73,271),(73,272),(73,273),(2,2),(2,7),(2,8),(2,9),(2,10),(2,11),(2,12),(2,13),(1,1),(1,2),(1,3),(1,4),(1,5),(1,6),(3,2),(3,14),(3,15),(3,7),(3,16),(4,17),(4,1),(4,3),(4,7),(4,18),(4,19),(4,20),(4,6),(4,21),(4,22),(5,23),(5,7),(5,24),(5,25),(5,2),(5,26),(5,2),(5,7),(5,12),(5,13),(5,27),(5,23),(5,28),(5,29),(5,30),(6,3),(6,31),(6,7),(6,20),(6,26),(6,32),(6,33),(7,34),(7,35),(7,36),(7,37),(7,38),(7,2),(7,39),(7,7),(7,40),(7,41),(7,12),(7,13),(7,1),(7,42),(7,43),(5,2),(5,7),(5,12),(5,13),(5,23),(5,44),(5,4),(8,2),(8,8),(8,24),(8,9),(8,7),(8,33),(8,45),(9,46),(9,7),(9,12),(9,13),(9,2),(9,44),(14,58),(14,5),(14,59),(14,2),(14,20),(14,27),(14,12),(14,13),(10,47),(10,48),(10,2),(10,49),(10,50),(15,3),(15,60),(15,61),(15,62),(15,63),(15,12),(15,64),(15,5),(15,65),(15,66),(11,51),(11,29),(11,2),(11,52),(11,7),(11,12),(11,13),(11,53),(12,54),(12,2),(12,7),(12,12),(12,13),(12,33),(13,55),(13,7),(13,56),(13,57),(13,2),(13,27),(16,67),(16,54),(16,2),(16,7),(16,10),(16,22),(17,7),(17,44),(17,68),(17,13),(17,54),(17,2),(18,69),(18,70),(18,71),(18,12),(18,13),(18,20),(18,72),(18,11),(20,7),(20,78),(20,79),(20,27),(20,12),(20,13),(19,73),(19,74),(19,2),(19,7),(19,75),(19,76),(19,77),(21,80),(21,2),(21,5),(21,69),(21,81),(21,1),(21,12),(21,13),(17,82),(17,7),(17,2),(17,27),(17,68),(17,13),(17,12),(17,33),(22,83),(22,84),(22,85),(22,86),(22,87),(23,2),(23,88),(23,67),(23,89),(23,5),(23,59),(23,20),(23,90),(24,91),(24,92),(24,12),(24,93),(24,7),(24,2),(25,94),(25,95),(25,96),(25,97),(25,5),(25,98),(23,2),(23,7),(23,23),(23,20),(23,42),(23,11),(19,99),(19,2),(19,71),(19,100),(19,73),(19,12),(19,13),(29,113),(29,92),(29,114),(29,115),(29,116),(26,31),(26,7),(26,2),(26,27),(26,71),(26,101),(27,3),(27,102),(27,7),(27,103),(27,58),(27,104),(27,32),(27,105),(27,59),(23,2),(23,7),(23,89),(23,69),(23,44),(23,28),(28,106),(28,69),(28,107),(28,108),(28,109),(28,5),(28,110),(28,3),(28,27),(28,12),(28,13),(28,32),(28,111),(28,112),(32,23),(32,7),(32,120),(32,2),(32,121),(33,7),(33,12),(33,2),(33,10),(33,55),(30,117),(30,65),(30,118),(30,50),(30,97),(34,2),(34,3),(34,5),(34,44),(34,57),(34,122),(34,123),(34,116),(34,124),(34,12),(34,13),(35,125),(35,126),(35,7),(35,61),(35,63),(35,12),(35,127),(35,68),(35,115),(36,128),(36,100),(36,129),(36,41),(36,130),(37,131),(37,132),(37,116),(37,12),(37,133),(37,134),(37,135),(37,136),(37,137),(37,138),(37,139),(37,20),(37,140),(37,141),(37,142),(38,143),(38,144),(38,145),(38,146),(38,12),(38,13),(38,69),(38,147),(38,148),(39,149),(39,150),(39,69),(39,151),(39,152),(39,41),(39,153),(39,12),(40,154),(40,41),(40,50),(40,155),(40,20),(40,69),(40,12),(40,13),(40,156),(41,31),(41,69),(41,157),(41,158),(41,53),(41,159),(41,108),(42,275),(42,128),(42,52),(42,27),(42,161),(42,162),(42,163),(42,164),(43,151),(43,165),(43,166),(43,167),(43,168),(43,169),(43,170),(44,171),(44,172),(44,10),(44,5),(44,173),(45,174),(45,175),(45,176),(45,126),(45,115),(46,177),(46,156),(46,178),(46,179),(46,69),(46,147),(46,12),(46,13),(46,144),(46,180),(46,136),(46,181),(46,38),(46,168),(46,182),(47,183),(47,101),(47,184),(47,185),(47,186),(47,187),(47,13),(48,71),(48,20),(48,38),(48,188),(48,189),(48,169),(48,12),(49,20),(49,97),(49,4),(49,190),(49,72),(49,26),(49,12),(50,191),(50,165),(50,192),(50,7),(50,157),(50,158),(50,193),(51,92),(51,116),(51,143),(51,194),(51,195),(51,72),(51,196),(52,101),(52,197),(52,152),(52,19),(52,71),(52,20),(52,38),(52,10),(52,198),(52,188),(53,199),(53,200),(53,201),(53,73),(53,202),(53,12),(53,203),(53,55),(54,113),(54,92),(54,204),(54,205),(54,116),(54,147),(55,206),(55,68),(55,10),(55,12),(55,207),(56,59),(56,208),(56,209),(56,210),(56,5),(56,211),(56,68),(56,98),(57,212),(57,112),(57,58),(57,213),(57,214),(57,12),(57,215),(58,216),(58,217),(58,218),(58,219),(58,220),(58,116),(58,221),(58,222),(59,223),(59,69),(59,224),(59,225),(59,226),(59,227),(59,228),(59,229),(59,230),(59,12),(59,231),(59,139),(59,151),(59,38),(59,138),(59,117),(59,169),(59,11),(59,232),(60,151),(60,139),(60,51),(60,69),(60,73),(60,233),(60,116),(61,234),(61,33),(61,200),(61,235),(61,236),(62,237),(62,95),(62,238),(62,138),(62,100),(63,113),(63,19),(63,28),(63,239),(63,109),(63,20),(64,240),(64,241),(64,20),(64,242),(64,108),(64,233),(64,243),(64,165),(64,244),(64,2),(65,245),(65,246),(65,33),(65,207),(65,116),(65,247),(65,248),(66,249),(66,250),(66,251),(66,252),(66,139),(66,69),(66,225),(66,253),(66,12),(66,157),(67,7),(67,20),(67,224),(67,107),(68,191),(68,254),(68,229),(68,12),(68,231),(69,255),(69,28),(69,117),(69,44),(69,256),(69,257),(70,258),(70,20),(70,259),(70,72),(70,260),(71,92),(71,261),(71,262),(71,263),(71,264),(72,265),(72,109),(72,159),(72,242),(72,13),(72,12),(72,108),(72,266),(72,267),(72,151),(72,268),(73,68),(73,269),(73,270),(73,209),(73,125),(73,271),(73,272),(73,273),(74,276),(74,43),(74,24),(74,277),(74,12),(74,13),(75,278),(75,279),(75,9),(75,24),(76,280),(76,281),(76,282),(76,69),(76,12),(76,13),(77,156),(77,283),(77,167),(77,226),(77,69),(77,284),(77,191),(78,151),(78,41),(78,285),(78,138),(78,253),(78,286),(78,287),(78,288),(78,289),(78,165),(79,290),(79,12),(79,108),(79,53),(79,291),(79,292),(79,1),(80,241),(80,173),(81,293),(81,294),(81,295),(81,27),(81,296),(81,297),(81,202),(82,298),(82,12),(82,299),(82,4),(82,119),(83,76),(83,300),(83,301),(83,302),(83,285),(83,303),(83,304),(84,241),(84,305),(84,306),(84,201),(84,59),(84,307),(84,61),(84,157),(84,108),(84,308),(84,68),(84,309),(85,310),(85,61),(85,193),(85,311),(85,187),(85,312),(86,313),(86,314),(86,4),(86,315),(86,207),(86,12),(86,13),(87,161),(87,92),(87,316),(87,317),(87,56),(87,129),(87,4),(87,318),(87,233),(87,243),(87,69),(87,12),(87,13),(88,319),(88,320),(88,124),(88,321),(89,197),(89,138),(89,322),(89,323),(89,41),(89,219),(89,259),(89,324),(89,214),(89,318),(89,325),(90,326),(90,126),(90,327),(90,1),(90,12),(90,7),(90,61),(91,328),(91,173),(91,231),(91,253),(91,323),(91,11),(91,329),(91,243),(91,288),(91,169),(92,330),(92,69),(92,226),(92,173),(92,290),(92,123),(93,331),(93,147),(93,116),(93,226),(93,12),(93,231),(94,332),(94,73),(94,254),(94,333),(94,108),(94,13),(94,334),(95,55),(95,335),(95,27),(95,241),(95,336),(95,4),(95,26),(96,337),(96,197),(96,7),(96,338),(96,339),(97,69),(97,319),(97,340),(97,57),(97,226),(97,341),(97,159),(97,157),(97,109),(97,12),(98,342),(98,53),(98,343),(98,12),(98,13),(99,5),(99,69),(99,210),(99,64),(99,211),(99,344),(99,209),(99,345),(99,272),(99,346),(99,347),(99,59),(45,174),(45,175),(45,176),(45,126),(45,115),(100,348),(100,207),(100,65),(100,132),(100,349),(100,12),(100,13),(101,292),(101,186),(101,350),(101,69),(102,351),(102,197),(102,352),(102,353),(103,354),(103,173),(103,231),(103,355),(103,150),(103,242),(103,356),(104,357),(104,226),(104,358),(104,173),(104,290),(104,359),(104,123),(105,69),(105,238),(105,306),(105,4),(105,317),(105,360),(105,361),(106,351),(106,362),(106,352),(106,363),(106,68),(106,7),(107,332),(107,117),(107,167),(107,333),(107,108),(107,214),(108,69),(108,24),(108,226),(108,161),(108,135),(108,197),(108,364),(108,259),(108,7),(108,68),(108,228),(108,12),(108,157),(108,365),(108,366),(109,169),(109,367),(109,226),(109,223),(109,368),(109,214),(109,264),(109,369),(109,243),(109,168),(109,173),(109,13),(109,131),(110,370),(110,371),(110,92),(110,372),(110,373),(111,374),(111,92),(111,375),(111,71),(111,370),(112,332),(112,12),(112,231),(112,74),(112,376),(55,206),(55,68),(55,10),(55,12),(55,207);
/*!40000 ALTER TABLE `recipe_ingredients` ENABLE KEYS */;
UNLOCK TABLES;

--
-- Table structure for table `recipes`
--

DROP TABLE IF EXISTS `recipes`;
/*!40101 SET @saved_cs_client     = @@character_set_client */;
/*!40101 SET character_set_client = utf8 */;
CREATE TABLE `recipes` (
  `id` int(11) NOT NULL AUTO_INCREMENT,
  `name` varchar(1000) CHARACTER SET utf8 NOT NULL,
  `yummly_id` varchar(1000) CHARACTER SET utf8 DEFAULT NULL,
  PRIMARY KEY (`id`)
) ENGINE=InnoDB AUTO_INCREMENT=113 DEFAULT CHARSET=big5;
/*!40101 SET character_set_client = @saved_cs_client */;

--
-- Dumping data for table `recipes`
--

LOCK TABLES `recipes` WRITE;
/*!40000 ALTER TABLE `recipes` DISABLE KEYS */;
INSERT INTO `recipes` VALUES (1,'Breakfast Sticks','Breakfast-Sticks-1096708'),(2,'Country Breakfast Skillet','Country-Breakfast-Skillet-2118469'),(3,'Breakfast Biscuit Buns','Breakfast-Biscuit-Buns-1741971'),(4,'Breakfast Enchiladas','Breakfast-Enchiladas-2084097'),(5,'Breakfast Quesadillas','Breakfast-Quesadillas-1558054'),(6,'Cowboy Breakfast Skillet','Cowboy-Breakfast-Skillet-1567476'),(7,'Breakfast Hash','Breakfast-Hash-2022457'),(8,'Country Breakfast','Country-Breakfast-1533018'),(9,'Breakfast Calzones','Breakfast-Calzones-1618441'),(10,'Breakfast Frittata','Breakfast-Frittata-1305238'),(11,'Bistro Breakfast','Bistro-Breakfast-1522799'),(12,'Breakfast Skillet','Breakfast-Skillet-1125894'),(13,'Breakfast Taquitos','Breakfast-Taquitos-1100365'),(14,'Keto Breakfast Tacos','Keto-Breakfast-Tacos-2072200'),(15,'Breakfast Corndogs','Breakfast-Corndogs-2050467'),(16,'Breakfast Skillet Hash','Breakfast-Skillet-Hash-1103792'),(17,'Breakfast Bites','Breakfast-Bites-1191903'),(18,'Breakfast Bruschetta','Breakfast-Bruschetta-2034095'),(19,'Breakfast BLT','Breakfast-BLT-1540969'),(20,'Sausage, Egg and Cheese Breakfast Roll-Ups','Sausage_-Egg-and-Cheese-Breakfast-Roll-Ups-1741970'),(21,'Breakfast Cups','Breakfast-Cups-1731945'),(22,'Protein Power Breakfast Parfait','Protein-Power-Breakfast-Parfait-1047963'),(23,'Breakfast Tacos','Breakfast-Tacos-489268'),(24,'Breakfast Arepas','Breakfast-Arepas-1262664'),(25,'5-Ingredient Strawberry Breakfast Pastries','5-Ingredient-Strawberry-Breakfast-Pastries-2083494'),(26,'Sweet Potato Waffle Breakfast Sandwich','Sweet-Potato-Waffle-Breakfast-Sandwich-1593958'),(27,'Breakfast Sliders','Breakfast-Sliders-1508784'),(28,'Breakfast Empanadas','Breakfast-Empanadas-1166873'),(29,'Cinnamon Apple Quinoa Breakfast','Cinnamon-Apple-Quinoa-Breakfast-2040879'),(30,'Greek Yogurt Breakfast Bark','Greek-Yogurt-Breakfast-Bark-1568935'),(31,'Breakfast Egg Bites','Breakfast-Egg-Bites-2128064'),(32,'Waffled Breakfast Quesadilla','Waffled-Breakfast-Quesadilla-1026174'),(33,'Frozen Breakfast Wraps','Frozen-Breakfast-Wraps-567250'),(34,'Breakfast Fatty','Breakfast-Fatty-1811407'),(35,'Baked French Breakfast Donuts','Baked-French-Breakfast-Donuts-1526010'),(36,'Lunch Kabobs','Lunch-Kabobs-1597033'),(37,'Sushi Salad Bowls','Sushi-Salad-Bowls-2116678'),(38,'Watermelon Nectarine Caprese Salad','Watermelon-Nectarine-Caprese-Salad-1207738'),(39,'Shrimp and Zucchini Noodle Summer Salad','Shrimp-and-Zucchini-Noodle-Summer-Salad-1742269'),(40,'Summer Fruit Dinner Salad','Summer-Fruit-Dinner-Salad-1848976'),(41,'Spiced Sweet Potato Fries','Spiced-Sweet-Potato-Fries-2086184'),(42,'Easy Lunch Idea for Kids','Easy-Lunch-Idea-for-Kids-1289869'),(43,'Zucchini Basil Salad','Zucchini-Basil-Salad-1519687'),(44,'Bacon and Cheese Egg McMuffin Cups','Bacon-and-cheese-egg-mcmuffin-cups-334789'),(45,'Baked Apple Pie Roll Ups','Baked-Apple-Pie-Roll-Ups-593599'),(46,'Summer Salad with Herbed Ricotta and Balsamic Vinaigrette','Summer-Salad-with-Herbed-Ricotta-and-Balsamic-Vinaigrette-1637675'),(47,'BLT Pasta Salad','BLT-Pasta-Salad-1577845'),(48,'Avocado and Tomato Salad','Avocado-and-Tomato-Salad-1061964'),(49,'Strawberry Salsa Stuffed Avocado','Strawberry-Salsa-Stuffed-Avocado-1969487'),(50,'Paleo Zucchini Fritters','Paleo-Zucchini-Fritters-1982268'),(51,'Summer Melon Popsicles','Summer-Melon-Popsicles-2108344'),(52,'Southwestern Chopped Chicken Salad','Southwestern-Chopped-Chicken-Salad-1720941'),(53,'Turkey Cranberry Almond Wrap','Turkey-Cranberry-Almond-Wrap-2074042'),(54,'Breakfast Lunch Dinner Quinoa','Breakfast-Lunch-Dinner-Quinoa-996562'),(55,'Revolutionary Mac & Cheese','Revolutionary-Mac-_-Cheese-1048867'),(56,'Lunch Lady Brownies','Lunch-Lady-Brownies-1122779'),(57,'Cauliflower Breadsticks','Cauliflower-Breadsticks-2117781'),(58,'Lunch Shake','Lunch-Shake-MyRecipes-264713'),(59,'Greek Chicken Kebabs with Tzatziki Sauce','Greek-Chicken-Kebabs-with-Tzatziki-Sauce-1898882'),(60,'Honey Mustard Zoodles – A deliciously quick dish that is perfect for lunch','Honey-Mustard-Zoodles-A-deliciously-quick-dish-that-is-perfect-for-lunch-1088855'),(61,'Power Lunch','Power-Lunch-1262556'),(62,'Veggie Lunch Wraps','Veggie-Lunch-Wraps-990345'),(63,'6-Ingredient Mexican-Style Quinoa Salad','6-Ingredient-Mexican-Style-Quinoa-Salad-1812760'),(64,'Quick Lunch for One','Quick-Lunch-for-One-1856585'),(65,'Ham and Cheese Croissant with Honey Mustard Glaze','Ham-and-Cheese-Croissant-with-Honey-Mustard-Glaze-1536995'),(66,'Summer Pea and Roasted Red Pepper Pasta Salad','Summer-Pea-and-Roasted-Red-Pepper-Pasta-Salad-1849535'),(67,'Avocado Egg Salad (mayo-free!)','Avocado-Egg-Salad-_mayo-free__-1050106'),(68,'Parmesan Zucchini Sticks','Parmesan-Zucchini-Sticks-2108785'),(69,'Quick Lunch Taquitos','Quick-Lunch-Taquitos-1009739'),(70,'Watermelon & Avocado Bruschetta','Watermelon-_-Avocado-Bruschetta-1772181'),(71,'Lunch Box Ramen','Lunch-Box-Ramen-1225108'),(72,'Freezer Low Carb Lunch Mexican Cauliflower Rice','Freezer-Low-Carb-Lunch-Mexican-Cauliflower-Rice-2107132'),(73,'Soft Pretzels','Soft-Pretzels-Once-Upon-A-Chef-199961'),(74,'Bums Lunch','Bum_s-Lunch-Allrecipes'),(75,'Macaroni & Cheese Dinner Fiesta','Macaroni-_-Cheese-Dinner-Fiesta-1594162'),(76,'Quick and Easy 4 Ingredient Dinner','Quick-and-Easy-4-Ingredient-Dinner-1558225'),(77,'Pesto Zucchini Noodles with Shrimp','Pesto-Zucchini-Noodles-with-Shrimp-2040636'),(78,'Summer Burst Zucchini Pasta Salad','Summer-Burst-Zucchini-Pasta-Salad-2123723'),(79,'Easy Skillet Chicken Breast Weeknight Dinner','Easy-Skillet-Chicken-Breast-Weeknight-Dinner-2081719'),(80,'The Best Effing Chicken Recipe Ever — Seriously','The-Best-Effing-Chicken-Recipe-Ever-Seriously-2060543'),(81,'Thanksgiving Dinner Crescent Ring','Thanksgiving-Dinner-Crescent-Ring-1030219'),(82,'Thai Salmon','Thai-Salmon-2122106'),(83,'Buffalo Chicken Lettuce Cups','Buffalo-chicken-lettuce-cups-333765'),(84,'Chicken Pot Pie','Chicken-Pot-Pie-2029444'),(85,'6-Ingredient Orange Chicken','6-Ingredient-Orange-Chicken-1614114'),(86,'Turkey Burgers','Turkey-Burgers-2124575'),(87,'Orzo Salad with Chicken, Bell Peppers, & Olives','Orzo-Salad-with-Chicken_-Bell-Peppers_-_-Olives-1467457'),(88,'The Best Crock Pot Shredded Pork EVER','The-Best-Crock-Pot-Shredded-Pork-EVER-2107310'),(89,'One Bowl Chicken Souvlaki','One-bowl-chicken-souvlaki-368584'),(90,'30 Minute Easy Dinner Rolls (Small Batch)','30-Minute-Easy-Dinner-Rolls-_Small-Batch_-2105748'),(91,'Grilled Skirt Steak with Herb Salsa Verde','Grilled-Skirt-Steak-with-Herb-Salsa-Verde-2102149'),(92,'Simple Roast Beef','Simple-Roast-Beef-2047205'),(93,'Oven-Roasted Chicken Thighs','Oven-Roasted-Chicken-Thighs-2102021'),(94,'Parmesan Mayonnaise Baked Skinless Chicken Breast','Parmesan-Mayonnaise-Baked-Skinless-Chicken-Breast-2034916'),(95,'Spicy Peanut Chicken Quesadillas','Spicy-peanut-chicken-quesadillas-351045'),(96,'Better Than Takeout Chinese Fried Rice','Better-Than-Takeout-Chinese-Fried-Rice-2104328'),(97,'Crispy Slow Cooker Carnitas','Crispy-Slow-Cooker-Carnitas-2057983'),(98,'Crock Pot Whole Chicken','Crock-Pot-Whole-Chicken-1929714'),(99,'Zucchini Bread Pancakes','Zucchini-Bread-Pancakes-1809673'),(100,'Man-Pleasing Chicken','Man-Pleasing-Chicken-608913'),(101,'Ranch Chicken','Ranch-Chicken-2089617'),(102,'Grands!® Mini Chicken Pot Pies','Grands_-Mini-Chicken-Pot-Pies-1812172'),(103,'Perfect Rib Eye Steak','Perfect-Rib-Eye-Steak-1639201'),(104,'Garlic Lover’s Roast Beef','Garlic-Lovers-Roast-Beef-1587108'),(105,'Chicken Teriyaki Fried Brown Rice','Chicken-Teriyaki-Fried-Brown-Rice-1835842'),(106,'Easy Chicken Pot Pie','Easy-Chicken-Pot-Pie-2060160'),(107,'Melt-In-Your-Mouth Baked Chicken','Melt-In-Your-Mouth-Baked-Chicken-2026423'),(108,'Chicken-Spinach Frittata with Feta & Tomatoes','Chicken-Spinach-Frittata-with-Feta-_-Tomatoes-1318601'),(109,'Lemon Basil Chicken','Lemon-Basil-Chicken-2093158'),(110,'Skillet Pasta & Beef Dinner','Skillet-Pasta-_-Beef-Dinner-2035836'),(111,'Cheeseburger Dinner','Cheeseburger-dinner-298452'),(112,'Baked Pesto Chicken','Baked-Pesto-Chicken-1580388');
/*!40000 ALTER TABLE `recipes` ENABLE KEYS */;
UNLOCK TABLES;
/*!40103 SET TIME_ZONE=@OLD_TIME_ZONE */;

/*!40101 SET SQL_MODE=@OLD_SQL_MODE */;
/*!40014 SET FOREIGN_KEY_CHECKS=@OLD_FOREIGN_KEY_CHECKS */;
/*!40014 SET UNIQUE_CHECKS=@OLD_UNIQUE_CHECKS */;
/*!40101 SET CHARACTER_SET_CLIENT=@OLD_CHARACTER_SET_CLIENT */;
/*!40101 SET CHARACTER_SET_RESULTS=@OLD_CHARACTER_SET_RESULTS */;
/*!40101 SET COLLATION_CONNECTION=@OLD_COLLATION_CONNECTION */;
/*!40111 SET SQL_NOTES=@OLD_SQL_NOTES */;

-- Dump completed on 2017-06-23 10:34:57
